--
-- PostgreSQL database dump
--

-- Dumped from database version 9.5.2
-- Dumped by pg_dump version 9.5.2

-- SET statement_timeout = 0;
SET lock_timeout = 0;
SET client_encoding = 'UTF8';
SET standard_conforming_strings = on;
SET check_function_bodies = false;
SET client_min_messages = warning;
-- SET row_security = off;

SET search_path = public, pg_catalog;

DROP INDEX IF EXISTS public.scorecard_geography_url_idx;
DROP INDEX IF EXISTS public.scorecard_geography_street_address_4_idx;
DROP INDEX IF EXISTS public.scorecard_geography_street_address_3_idx;
DROP INDEX IF EXISTS public.scorecard_geography_street_address_2_idx;
DROP INDEX IF EXISTS public.scorecard_geography_street_address_1_idx;
DROP INDEX IF EXISTS public.scorecard_geography_province_name_idx;
DROP INDEX IF EXISTS public.scorecard_geography_province_code_idx;
DROP INDEX IF EXISTS public.scorecard_geography_postal_address_3_idx;
DROP INDEX IF EXISTS public.scorecard_geography_postal_address_2_idx;
DROP INDEX IF EXISTS public.scorecard_geography_postal_address_1_idx;
DROP INDEX IF EXISTS public.scorecard_geography_phone_number_idx;
DROP INDEX IF EXISTS public.scorecard_geography_parent_code_idx;
DROP INDEX IF EXISTS public.scorecard_geography_name_idx;
DROP INDEX IF EXISTS public.scorecard_geography_name_52e408f6_like;
DROP INDEX IF EXISTS public.scorecard_geography_long_name_idx;
DROP INDEX IF EXISTS public.scorecard_geography_long_name_d5fe0964_like;
DROP INDEX IF EXISTS public.scorecard_geography_geo_code_idx;
DROP INDEX IF EXISTS public.scorecard_geography_fax_number_idx;
DROP INDEX IF EXISTS public.scorecard_geography_dimension_municipality_idx;
DROP INDEX IF EXISTS public.scorecard_geography_dimension_demarcation_idx;
DROP INDEX IF EXISTS public.scorecard_geography_category_idx;
DROP INDEX IF EXISTS public.scorecard_geography_b068931c;
DROP INDEX IF EXISTS public.scorecard_geography_84cdc76c;
DROP INDEX IF EXISTS public.scorecard_geography_2fc6351a;
ALTER TABLE IF EXISTS ONLY public.scorecard_geography DROP CONSTRAINT IF EXISTS scorecard_geography_pkey;
ALTER TABLE IF EXISTS ONLY public.scorecard_geography DROP CONSTRAINT IF EXISTS scorecard_geography_geo_level_1b28c178_uniq;
ALTER TABLE IF EXISTS public.scorecard_geography ALTER COLUMN id DROP DEFAULT;
DROP SEQUENCE IF EXISTS public.scorecard_geography_id_seq;
DROP TABLE IF EXISTS public.scorecard_geography;
SET search_path = public, pg_catalog;

SET default_tablespace = '';

SET default_with_oids = false;

--
-- Name: scorecard_geography; Type: TABLE; Schema: public; Owner: -
--

CREATE TABLE scorecard_geography (
    id integer NOT NULL,
    geo_level character varying(15) NOT NULL,
    geo_code character varying(10) NOT NULL,
    name character varying(100) NOT NULL,
    long_name character varying(100),
    year integer,
    square_kms double precision,
    parent_level character varying(15),
    parent_code character varying(10),
    province_name character varying(100) NOT NULL,
    province_code character varying(5) NOT NULL,
    category character varying(2) NOT NULL,
    postal_address_1 text,
    postal_address_2 text,
    postal_address_3 text,
    street_address_1 text,
    street_address_2 text,
    street_address_4 text,
    phone_number text,
    fax_number text,
    url text,
    street_address_3 text,
    CONSTRAINT scorecard_geography_unique_geo_code UNIQUE (geo_code)
);
ALTER TABLE scorecard_geography
  OWNER TO municipal_finance;


--
-- Name: scorecard_geography_id_seq; Type: SEQUENCE; Schema: public; Owner: -
--

CREATE SEQUENCE scorecard_geography_id_seq
    START WITH 1
    INCREMENT BY 1
    NO MINVALUE
    NO MAXVALUE
    CACHE 1;


--
-- Name: scorecard_geography_id_seq; Type: SEQUENCE OWNED BY; Schema: public; Owner: -
--

ALTER SEQUENCE scorecard_geography_id_seq OWNED BY scorecard_geography.id;


--
-- Name: id; Type: DEFAULT; Schema: public; Owner: -
--

ALTER TABLE ONLY scorecard_geography ALTER COLUMN id SET DEFAULT nextval('scorecard_geography_id_seq'::regclass);


--
-- Data for Name: scorecard_geography; Type: TABLE DATA; Schema: public; Owner: -
--

COPY scorecard_geography (id, geo_level, geo_code, name, long_name, year, square_kms, parent_level, parent_code, province_name, province_code, category, postal_address_1, postal_address_2, postal_address_3, street_address_1, street_address_2, street_address_4, phone_number, fax_number, url, street_address_3) FROM stdin;
62	municipality	EC109	Kou-Kamma	Kou-Kamma, Eastern Cape	2011	3642.01999999999998	district	DC10	Eastern Cape	EC	B	PRIVATE BAG X0011	KAREEDOUW	6400	\N	5 Keet Street	6400	042 288 0303 / 7200	042 288 0797	http://www.koukammamun.gov.za	Kareedouw
2	district	DC10	Cacadu	Cacadu, Eastern Cape	2011	5856.077988	province	EC	Eastern Cape	EC	C	P O BOX 318	PORT ELIZABETH	6000	Standard Bank Building	32 Govan Mbeki Avenue	6000	041 508 7111	041 508 7022	http://www.cacadu.co.za	Port Elizabeth
63	municipality	EC121	Mbhashe	Mbhashe, Eastern Cape	2011	3169.44999999999982	district	DC12	Eastern Cape	EC	B	PO BOX 25	IDUTYWA	5000	100 Kiddel Street	Idutywa	\N	047 489 1100	047 489 1137	\N	5000
157	municipality	EC122	Mnquma	Mnquma, Eastern Cape	2011	3270.23999999999978	district	DC12	Eastern Cape	EC	B	PO BOX 36	BUTTERWORTH	4960	Ngumbela Building	Cnr King & Umtata Streets	4960	047 401 2400	047 491 0195	http://www.mnquma.gov.za	Butterworth
64	municipality	EC123	Great Kei	Great Kei, Eastern Cape	2011	1735.99000000000001	district	DC12	Eastern Cape	EC	B	PRIVATE BAG X2	KOMGA	4950	Council Buildings	C/O North & Main Street	4950	043 831 1028	043 831 1306	\N	Komga
65	municipality	EC124	Amahlathi	Amahlathi, Eastern Cape	2011	4820.22000000000025	district	DC12	Eastern Cape	EC	B	P/ BAG X 2	STUTTERHEIM	4930	Municipal Offices	Cnr Maclean / Hill Street	4930	043 683 1100	043 683 1127	http://www.amahlathi.gov.za	Stutterheim
66	municipality	EC126	Ngqushwa	Ngqushwa, Eastern Cape	2011	2240.90999999999985	district	DC12	Eastern Cape	EC	B	PO BOX 539	PEDDIE	5640	Ngqushwa Municipality	Erf 313	5640	040 673 3095	040 673 3771	http://www.ngqushwamun.gov.za	Peddie
67	municipality	EC127	Nkonkobe	Nkonkobe, Eastern Cape	2011	3626.17999999999984	district	DC12	Eastern Cape	EC	B	PO BOX 36	FORT BEAUFORT	5720	\N	8 Somerset Street	5720	046 645 7400	046 645 1619	http://www.nkonkobe.co.za	Fort Beaufort
158	municipality	EC128	Nxuba	Nxuba, Eastern Cape	2011	2731.92000000000007	district	DC12	Eastern Cape	EC	B	PRIVATE BAG X350	ADELAIDE	5760	Municipal Buildings	Market Square	5760	046 684 0034	046 684 1931	http://www.nxuba.co.za	Adelaide
3	district	DC12	Amathole	Amathole, Eastern Cape	2011	2171.73260900000014	province	EC	Eastern Cape	EC	C	P O BOX 320	EAST LONDON	5200	Amathole District Municipality	40 Cambridge Street	5201	043 701 4000	043 742 0337	http://www.amathole.gov.za	East London
69	municipality	EC132	Tsolwana	Tsolwana, Eastern Cape	2011	6086.81999999999971	district	DC13	Eastern Cape	EC	B	P O BOX 12	TARKASTAD	5370	Municipal Offices	12 Murray Street	5370	045 846 0033/0077/0270	045 846 0025 /0408	http://www.tsolwana.co.za	Tarkastad
70	municipality	EC133	Inkwanca	Inkwanca, Eastern Cape	2011	3584.23999999999978	district	DC13	Eastern Cape	EC	B	P O BOX 1	MOLTENO	5500	Inkwanca Municipality	39 Smith Street	5500	045 967 0021	045 967 0467	http://www.ecprov.gov.za/Inkwancalm	Molteno
71	municipality	EC134	Lukanji	Lukanji, Eastern Cape	2011	3812.86000000000013	district	DC13	Eastern Cape	EC	B	PRIVATE BAG X 7111	QUEENSTOWN	5320	Town Hall Building	5-7 Cathcart Road	5320	045 807 2000	045 807 2733	http://www.lukhanji.co.za	Queenstown
159	municipality	EC135	Intsika Yethu	Intsika Yethu, Eastern Cape	2011	2711.13999999999987	district	DC13	Eastern Cape	EC	B	P O BOX 1251	COFIMVABA	5380	Main Building	201 Main Street	5380	047 874 0704	047 874 0010	http://www.intsikayethu.gov.za	Cofimvaba
72	municipality	EC136	Emalahleni	Emalahleni, Eastern Cape	2011	3447.19999999999982	district	DC13	Eastern Cape	EC	B	PRIVATE BAG X1161	LADY FRERE	5320	37 Indwe Road	Lady Frere	\N	047 878 0020	047 878 0112	\N	5320
73	municipality	EC137	Engcobo	Engcobo, Eastern Cape	2011	2483.86999999999989	district	DC13	Eastern Cape	EC	B	P O BOX 24	ENGCOBO	5050	Town Hall	58 Union Street	5050	047 548 1221	047 548 1078	\N	Engcobo
74	municipality	EC138	Sakhisizwe	Sakhisizwe, Eastern Cape	2011	2354.7199999999998	district	DC13	Eastern Cape	EC	B	P O BOX 21	ELLIOT	5460	21 Maclear Street	Elliot	\N	045 931 1011	045 931 1361	http://www.sakhisizwe.gov.za	5460
4	district	DC13	Chris Hani	Chris Hani, Eastern Cape	2011	3636.02271599999995	province	EC	Eastern Cape	EC	C	PRIVATE BAG X7121	QUEENSTOWN	5320	15 Bells Road	Queenstown	\N	045 808 4600	045 839 2355	http://www.chrishanidm.gov.za	5320
75	municipality	EC141	Elundini	Elundini, Eastern Cape	2011	5064.53999999999996	district	DC14	Eastern Cape	EC	B	PO BOX 1	MACLEAR	5480	Elundini Municipality	1 Seller Street	5480	045 932 8100	045 932 1094	http://www.elundini.gov.za	Maclear
76	municipality	EC142	Senqu	Senqu, Eastern Cape	2011	7329.42000000000007	district	DC14	Eastern Cape	EC	B	Private Bag X 03	LADY GREY	9755	\N	18 Murray Street	9755	051 603 1300	051 603 0445	http://www.senqumunicipality.co.za	Lady Grey
77	municipality	EC143	Maletswai	Maletswai, Eastern Cape	2011	4357.64999999999964	district	DC14	Eastern Cape	EC	B	PRIVATE BAG X 1011	ALIWAL NORTH	9750	\N	C/O Barkly And Smith Street	9750	051 633 2441	051 634 1307	http://www.maletswai.gov.za	Aliwal North
160	municipality	EC144	Gariep	Gariep, Eastern Cape	2011	8911.05999999999949	district	DC14	Eastern Cape	EC	B	P O BOX 13	BURGERSDORP	9744	\N	1 Jan Greyling Street	9744	051 653 1777	051 653 0056	http://www.gariep.gov.za	Burgersdorp
5	district	DC14	Joe Gqabi	Joe Gqabi, Eastern Cape	2011	2582.56499699999995	province	EC	Eastern Cape	EC	C	P O BOX 102	BARKLY EAST	9786	Joe Gqabi District Municipality	C/ O Graham & Cole Street	9786	045 979 3000	045 979 3028	http://www.jgdm.gov.za	Barkly East
78	municipality	EC153	Ngquza Hill	Ngquza Hill, Eastern Cape	2011	2476.82999999999993	district	DC15	Eastern Cape	EC	B	P O BOX 14	FLAGSTAFF	4810	Ingquza Hill Local Municipality	135 Main Street	4810	039 252 0131/0090/0089	039 252 0699	http://www.ihlm.gov.za	Flagstaff
51	municipality	EC154	Port St Johns	Port St Johns, Eastern Cape	2011	1291.20000000000005	district	DC15	Eastern Cape	EC	B	P.O BOX 2	PORT ST JOHN'S	5120	Town Hall	Erf 257 Main Street	5120	047 564 1208	047 564 1206	http://www.psjlm.co.za	Port St John'S
52	municipality	EC155	Nyandeni	Nyandeni, Eastern Cape	2011	2474.01000000000022	district	DC15	Eastern Cape	EC	B	PRIVATE BAG X504	LIBODE	5160	Municipal House	89 B Nomandela Street	5160	047 555 5000	047 555 0202	http://www.nyandenilm.gov.za	Libode
79	municipality	EC156	Mhlontlo	Mhlontlo, Eastern Cape	2011	2826.09000000000015	district	DC15	Eastern Cape	EC	B	PO BOX 31	QUMBU	5180	97 Church Street	Qumbu	\N	047 553 7000	047 553 0153/89	\N	5180
161	municipality	EC157	King Sabata Dalindyebo	King Sabata Dalindyebo, Eastern Cape	2011	3027.36999999999989	district	DC15	Eastern Cape	EC	B	P O BOX 45	MTHATHA	5099	Munitata Building	Cnr Sutherland & Yorke Road	5099	047 501 4003	047 531 2861	http://www.ksd.org.za	Mthatha
6	district	DC15	O.R.Tambo	O.R.Tambo, Eastern Cape	2011	1216.96672100000001	province	EC	Eastern Cape	EC	C	PRIVAATE BAG X6043	MTHATHA	5099	O R Tambo House	Nelson Mandela Drive	5099	047 501 6400	047 532 4166	http://www.ortambodm.org.za	Mthatha
80	municipality	EC441	Matatiele	Matatiele, Eastern Cape	2011	4352.3100000000004	district	DC44	Eastern Cape	EC	B	P.O. BOX 35	MATATIELE	4730	\N	102 Main Street	4730	039 737 3135	039 737 3611	http://www.matatiele.gov.za	Matatiele
45	municipality	EC442	Umzimvubu	Umzimvubu, Eastern Cape	2011	2577.23000000000002	district	DC44	Eastern Cape	EC	B	PRIVATE BAG X9020	MOUNT FRERE	5090	813 Main Street	Mount Frere	\N	039 255 0166	039 255 0167	http://www.umzimvubu.org.za	5090
46	municipality	EC443	Mbizana	Mbizana, Eastern Cape	2011	2416.7199999999998	district	DC44	Eastern Cape	EC	B	P O BOX 12	MBIZANA	4800	Municipal Offices	51 Main Street	4800	039 251 0230	039 251 0917	http://www.mbizana.gov.za	Bizana
47	municipality	EC444	Ntabankulu	Ntabankulu, Eastern Cape	2011	1384.96000000000004	district	DC44	Eastern Cape	EC	B	P.O. BOX 234	NTABANKULU	5130	Municipal Buildings	Erf 85 Main Stret	5130	039 258 0056	039 258 0003	\N	Ntabankulu
36	district	DC44	Alfred Nzo	Alfred Nzo, Eastern Cape	2011	1080.05921199999989	province	EC	Eastern Cape	EC	C	PRIVATE BAG X 511	MOUNT AYLIFF	4735	Andm Building	Erf 1400 Ntsizwa Street	4735	039 2540320	039 254 0343	http://www.andm.gov.za/site/	Mount Ayliff
166	municipality	MAN	Mangaung	Mangaung, Free State	2011	6283.98999999999978	province	FS	Free State	FS	A	P O BOX 3704	BLOEMFONTEIN	9300	Bram Fischer Building	Cnr Nelson Mandela And Markgraaf Street	9301	051 405 8911	051 405 8108	http://www.mangaung.co.za	Bloemfontein
48	municipality	FS161	Letsemeng	Letsemeng, Free State	2011	9828.57999999999993	district	DC16	Free State	FS	B	PRIVATE BAG X3	KOFFIEFONTEIN	9986	Municipal Offices	Groottrekstraat 7	9986	053 205 9200	053 205 0144	http://www.letsemeng.gov.za	Koffiefontein
49	municipality	FS162	Kopanong	Kopanong, Free State	2011	15645.1000000000004	district	DC16	Free State	FS	B	P O BOX 23	TROMPSBURG	9913	Xhariep District Municipality Building	20 Louw Street	9913	051 713 9200	051 713 0292	http://www.kopanong.gov.za	Trompsburg
50	municipality	FS163	Mohokare	Mohokare, Free State	2011	8775.97999999999956	district	DC16	Free State	FS	B	P.O. BOX 20	ZASTRON	9950	Municipal Building	20 Hoofd Street	9950	051 673 9600	051 673 1550	http://www.mohokare.gov.za	Zastron
163	municipality	FS164	Naledi	Naledi, Free State	2011	3424.05999999999995	district	DC16	Free State	FS	B	PRIVATE BAG X 1	DEWETSDORP	9940	Brand Street	Dewetsdorp	\N	051 541 0012	051 541 0556	\N	9940
7	district	DC16	Xhariep	Xhariep, Free State	2011	3793.00496699999985	province	FS	Free State	FS	C	P.O BOX 136	TROMPSBURG	9913	Xhariep District Municipality	20 Louw Street	9913	051 713 9300	051 713 0461	http://www.xhariep.gov.za	Trompsburg
53	municipality	FS181	Masilonyana	Masilonyana, Free State	2011	6796.09000000000015	district	DC18	Free State	FS	B	P O BOX 8	THEUNISSEN	9410	Masilonyana Local Municipality	24 Le Roux Street	9410	057 733 0106	057 733 2217	http://www.masilonyana.local.gov.za	Theunissen
54	municipality	FS182	Tokologo	Tokologo, Free State	2011	9325.86000000000058	district	DC18	Free State	FS	B	PRIVATE BAG X46	BOSHOF	8340	Municipal Offices	Voortrekker Street	8340	053 541 0014	053 541 0360	http://tokologo.org.za/	Boshof
55	municipality	FS183	Tswelopele	Tswelopele, Free State	2011	6524.06999999999971	district	DC18	Free State	FS	B	P O BOX 3	BULTFONTEIN	9670	Civic Centre	Bosman Street	9670	051 853 1111	051 853 1332	http://www.tswelopele.gov.za	Bultfontein
81	municipality	FS184	Matjhabeng	Matjhabeng, Free State	2011	5155.46000000000004	district	DC18	Free State	FS	B	P O BOX 708	WELKOM	9460	Civic Centre	State Way	9459	057 391 3911	057 353 2482	http://www.matjhabeng.co.za	Welkom
82	municipality	FS185	Nala	Nala, Free State	2011	4128.80000000000018	district	DC18	Free State	FS	B	PRIVATE BAG X15	BOTHAVILLE	9660	Municipal Building	8 Preller Street	9660	056 514 9200	056 515 3922	http://www.nala.org.za	Bothaville
8	district	DC18	Lejweleputswa	Lejweleputswa, Free State	2011	3216.80298399999992	province	FS	Free State	FS	C	P O BOX 2163	WELKOM	9460	Lejwelputswa District Municipality	Cnr Tempest & Jan Hofmeyer Road	9460	057 353 3094	057 357 4103	http://www.lejwe.co.za	Welkom
164	municipality	FS191	Setsoto	Setsoto, Free State	2011	5966.35999999999967	district	DC19	Free State	FS	B	P O BOX 116	FICKSBURG	9730	Municipal Buildings	27 Voortrekker Street	9730	051 933 9300	051 933 9343	http://www.setsoto.co.za	Ficksburg
83	municipality	FS192	Dihlabeng	Dihlabeng, Free State	2011	4879.96000000000004	district	DC19	Free State	FS	B	P O BOX 551	BETHLEHEM	9700	Dihlabeng Hq	9 Muller Street East	9701	058 303 5732	058 303 5513	http://www.dihlabeng.co.za	Bethlehem
84	municipality	FS193	Nketoana	Nketoana, Free State	2011	5611.11999999999989	district	DC19	Free State	FS	B	P O BOX 26	REITZ	9860	Municipal Building	Cnr Church & Voortrekker Street	9860	058 863 2811	058 863 2523	http://www.nketoanafs.gov.za	Reitz
85	municipality	FS194	Maluti a Phofung	Maluti a Phofung, Free State	2011	4337.67000000000007	district	DC19	Free State	FS	B	P/ BAG X805	WITSIESHOEK	9870	Setsing Bus Centre	Cnr Motloung & Moremoholo	9866	058 718 3700	058 718 3777	http://www.map.fs.gov.za	Phuthaditjhaba
86	municipality	FS195	Phumelela	Phumelela, Free State	2011	8183.43000000000029	district	DC19	Free State	FS	B	PRIVATE BAG X5	VREDE	9835	Municipal Administrative Offices	52 Kuhn Street	9835	058 913 8323	058 913 2317	http://www.phumelelamun.co.za	Vrede
165	municipality	FS196	Mantsopa	Mantsopa, Free State	2011	4290.59000000000015	district	DC19	Free State	FS	B	P O BOX 64	LADYBRAND	9745	Civic Centre	Joubert Street	9745	051 924 0654	051 924 0024	http://www.mantsopa.gov.za	Ladybrand
9	district	DC19	Thabo Mofutsanyane	Thabo Mofutsanyane, Free State	2011	3351.68450200000007	province	FS	Free State	FS	C	P/BAG X 810	WITSIESHOEK	9870	Old Parliament Building	1 Mampoi Street	9866	058 713 1000	058 713 0940	http://www.thabomofutsanyanadm.co.za	Phuthaditjhaba
87	municipality	FS201	Moqhaka	Moqhaka, Free State	2011	7924.5600000000004	district	DC20	Free State	FS	B	P O BOX 302	KROONSTAD	9500	Municipal Offices	Hill Street	9499	056 216 9000	056 216 9122	\N	Kroonstad
88	municipality	FS203	Ngwathe	Ngwathe, Free State	2011	7055.01000000000022	district	DC20	Free State	FS	B	P.O BOX 359	PARYS	9585	Municipal Building	Liebenberg Street	9585	056 816 2700	056 811 2046	http://www.ngwathe.fs.gov.za	Parys
89	municipality	FS204	Metsimaholo	Metsimaholo, Free State	2011	1717.09999999999991	district	DC20	Free State	FS	B	P O BOX 60	SASOLBURG	1947	Civic Centre	Fichardt Street	1947	016 976 0029	016 973 2191	http://www.metsimaholo.gov.za	Sasolburg
90	municipality	FS205	Mafube	Mafube, Free State	2011	3971.36000000000013	district	DC20	Free State	FS	B	P O BOX 2	FRANKFORT	9830	Mafube Local Municipality	64 Brand Street	9830	058 813 1051	058 813 3072	http://www.mafube.co.za	Frankfort
11	district	DC20	Fezile Dabi	Fezile Dabi, Free State	2011	2082.91201499999988	province	FS	Free State	FS	C	P O BOX 10	SASOLBURG	1947	Fezile Dabi District Municipality	John Voster Road	1947	016 980 8600	016 970 8733	http://www.feziledabi.gov.za	Sasolburg
167	municipality	EKU	Ekurhuleni	Ekurhuleni, Gauteng	2011	1975.25999999999999	province	GT	Gauteng	GT	A	P/BAG X1069	GERMISTON	1400	Head Office	Cnr Cross And Rose Street	1401	011 999 0863	011 820 4311	http://www.ekurhuleni.gov.za	Germiston
170	municipality	JHB	City of Johannesburg	City of Johannesburg, Gauteng	2011	1644.98000000000002	province	GT	Gauteng	GT	A	PO BOX 1049	JOHANNESBURG	2000	Metro Centre	158 Civic Boulevard Street	2000	011 358 3041	011 358 3140	http://www.joburg.org.za	Braamfontein
171	municipality	TSH	City of Tshwane	City of Tshwane, Gauteng	2011	6297.88000000000011	province	GT	Gauteng	GT	A	P O BOX 6338	PRETORIA	0001	22th floor	Isivonu House	Pretoria Central	012 358 7911	012 358 1112	http://www.tshwane.gov.za	C/O Lilian Ngyoi And Madiba Streets
91	municipality	GT421	Emfuleni	Emfuleni, Gauteng	2011	965.894000000000005	district	DC42	Gauteng	GT	B	P O BOX 3	VANDERBIJLPARK	1900	C /O Klasie Havenga & Frikkie Meyer	Vanderbijlpark	\N	016 950 5102	016 950 5030	http://www.emfuleni.gov.za	1911
168	municipality	GT422	Midvaal	Midvaal, Gauteng	2011	1722.48000000000002	district	DC42	Gauteng	GT	B	P O BOX 9	MEYERTON	1960	Municipal Buildings	Cnr Mitchel & Junius Street	1960	016 360 7400	016 360 7519	http://www.midvaal.gov.za	Meyerton
92	municipality	GT423	Lesedi	Lesedi, Gauteng	2011	1484.3900000000001	district	DC42	Gauteng	GT	B	P O BOX 201	HEIDELBERG	1438	1 H F Verwoerd Street	C/O H F Verwoerd & Louw Streets	1441	016 340 4300	016 340 6458	http://www.lesedilm.gov.za	Heidelberg
34	district	DC42	Sedibeng	Sedibeng, Gauteng	2011	4206.52779100000043	province	GT	Gauteng	GT	C	P O BOX 471	VEREENIGING	1930	Council Main Building	C/O Lesley & Beaconsfield Street	1930	016 450 3000	016 455 2573	http://www.sedibeng.gov.za	Vereeniging
93	municipality	GT481	Mogale City	Mogale City, Gauteng	2011	1342.16000000000008	district	DC48	Gauteng	GT	B	PO BOX 94	KRUGERSDORP	1740	The Civic Centre	Cnr Commissioner And Market Street	1740	011 951 2092	011 660 4043	http://www.mogalecity.gov.za	Krugersdorp
94	municipality	GT482	Randfontein	Randfontein, Gauteng	2011	474.894000000000005	district	DC48	Gauteng	GT	B	P O BOX 218	RANDFONTEIN	1760	Civic Centre	C/O Sutherland & Pollock Streets	1759	011 411 0000	011 693 1394	http://www.randfontein.org.za	Randfontein
201	municipality	MP321	Thaba Chweu	Thaba Chweu, Mpumalanga	2011	5719.06999999999971	district	DC32	Mpumalanga	MP	B	P O BOX 61	LYDENBURG	1120	Civic Centre	C/O Central & Viljoen Street	1120	013 235 7000	013 235 1108	http://www.thabachweu.org.za	Lydenburg
95	municipality	GT483	Westonaria	Westonaria, Gauteng	2011	639.823999999999955	district	DC48	Gauteng	GT	B	P O BOX 19	WESTONARIA	1780	Civic Centre	C/O Neptunes & Saturnus Streets	1779	011 278 3140	011 753 4176	http://www.westonaria.gov.za	Westonoria
169	municipality	GT484	Merafong City	Merafong City, Gauteng	2011	1630.53999999999996	district	DC48	Gauteng	GT	B	P O BOX 3	CARLETONVILLE	2500	Civic Centre	Halite Street	2500	018 788 9500	018 786 1105	http://www.merafong.co.za	Carltonville
39	district	DC48	West Rand	West Rand, Gauteng	2011	4120.99300399999993	province	GT	Gauteng	GT	C	PRIVATE BAG X033	RANDFONTEIN	1760	Wrdm Building	Cnr 6th & Park Street	1759	011 411 5000	011 411 5071	http://www.wrdm.gov.za	Randfontein
172	municipality	ETH	eThekwini	eThekwini, KwaZulu-Natal	2011	2291.30999999999995	province	KZN	KwaZulu-Natal	KZN	A	P.O BOX 1014	DURBAN	4000	City Hall	263 West Street	4001	031 311 1111	031 311 2171	http://www.durban.gov.za	Durban
96	municipality	KZN211	Vulamehlo	Vulamehlo, KwaZulu-Natal	2011	959.923999999999978	district	DC21	KwaZulu-Natal	KZN	B	P/BAG X5509	SCOTTBURGH	4180	P77 Dududu Main Road	Scottburgh Centre	\N	039 974 0450	039 974 0432	http://www.vulamehlo.org.za	4180
97	municipality	KZN212	Umdoni	Umdoni, KwaZulu-Natal	2011	251.52600000000001	district	DC21	KwaZulu-Natal	KZN	B	P O BOX 19	SCOTTBURGH	4180	C/O Arth & Williamson Street	Scottburgh	\N	039 976 1202	039 976 0381	http://www.umdoni.gov.za	4180
98	municipality	KZN213	Umzumbe	Umzumbe, KwaZulu-Natal	2011	1258.88000000000011	district	DC21	KwaZulu-Natal	KZN	B	P.O BOX 561	HIBBERDENE	4220	561 Siphofu Road	Hibberdene	\N	039 972 0005	039 972 0099	http://www.umzumbe.local.gov.za	4220
99	municipality	KZN214	UMuziwabantu	UMuziwabantu, KwaZulu-Natal	2011	1089.47000000000003	district	DC21	KwaZulu-Natal	KZN	B	Private Bag X 1023	HARDING	4680	Municipal Offices	10 Murchison Street	4680	039 433 1205	039 433 1208	http://www.umuziwabantu.gov.za	Harding
100	municipality	KZN215	Ezingoleni	Ezingoleni, KwaZulu-Natal	2011	648.07000000000005	district	DC21	KwaZulu-Natal	KZN	B	P O BOX 108	IZINGOLWENI	4260	Municipal Building	N2 Main Harding Road (Opp Taxi)	4260	039 534 1584 / 74 / 77	039 534 1585	http://www.ezingoleni.gov.za	Izingolweni
173	municipality	KZN216	Hibiscus Coast	Hibiscus Coast, KwaZulu-Natal	2011	839.018000000000029	district	DC21	KwaZulu-Natal	KZN	B	P O BOX 5	PORT SHEPSTONE	4240	Civic Centre	10 Connor Street	4240	039 688 2000	039 682 0327	http://www.hcm.gov.za	Port Shepstone
12	district	DC21	Ugu	Ugu, KwaZulu-Natal	2011	5079.76948100000027	province	KZN	KwaZulu-Natal	KZN	C	P O BOX 33	PORT SHEPSTONE	4240	Ugu District Municipality	28 Connor Street	4240	039 688 5700	039 682 1720	http://www.ugu.org.za	Port Shepstone
101	municipality	KZN221	uMshwathi	uMshwathi, KwaZulu-Natal	2011	1817.94000000000005	district	DC22	KwaZulu-Natal	KZN	B	PRIVATE BAG X29	WARTBURG	3233	7 High Street	Wartburg	\N	033-5031035	033-5031635	\N	3233
102	municipality	KZN222	uMngeni	uMngeni, KwaZulu-Natal	2011	1566.51999999999998	district	DC22	KwaZulu-Natal	KZN	B	P O BOX 5	HOWICK	3290	Municipal Buildings	C/O Sommer And Dicks Streets	3290	033 239 9200	033 330 4183	http://www.umngeni.gov.za	Howick
103	municipality	KZN223	Mpofana	Mpofana, KwaZulu-Natal	2011	1819.78999999999996	district	DC22	KwaZulu-Natal	KZN	B	P O BOX 47	MOOI RIVER	3300	Mpofana Municipal Buildings	10 Claughton Terrace	3300	033 263 7700/1221	033 263 1127	http://www.mpofana.gov.za	Mooi River
104	municipality	KZN224	Impendle	Impendle, KwaZulu-Natal	2011	1528.19000000000005	district	DC22	KwaZulu-Natal	KZN	B	P O BOX X512	IMPENDLE	3227	21 Mafahleni Street	Impendle	\N	033 996 0771	033 996 0852	http://www.impendle.local.gov.za	3227
105	municipality	KZN225	The Msunduzi	The Msunduzi, KwaZulu-Natal	2011	634.010999999999967	district	DC22	KwaZulu-Natal	KZN	B	P O BOX 321	PIETERMARITZBURG	3200	City Hall	Chief Albert Luthuli Street	3201	033 392 2111	033 392 2506	http://www.msunduzi.org.za	Pietermaritzburg
106	municipality	KZN226	Mkhambathini	Mkhambathini, KwaZulu-Natal	2011	890.875999999999976	district	DC22	KwaZulu-Natal	KZN	B	P/BAG X04	CAMPERDOWN	3720	Mkhambathini Municipality	18 Old Main Road	3720	031 785 1668	031 785 1463	http://www.mkhambathini.org.za	Camperdown
174	municipality	KZN227	Richmond	Richmond, KwaZulu-Natal	2011	1255.59999999999991	district	DC22	KwaZulu-Natal	KZN	B	PRIVATE BAG X1028	RICHMOND	3780	Memrial Hall	57 Shepstone Street	3780	033 212 2155	033 212 4183	http://www.richmond.gov.za	Richmond
13	district	DC22	Umgungundlovu	Umgungundlovu, KwaZulu-Natal	2011	9578.93650499999967	province	KZN	KwaZulu-Natal	KZN	C	P O BOX 3235	PIETERMARITZBURG	3200	Umgungundlovu District	242 Langalibalele Street	3201	033 897 6700	033 342 5502	http://www.umdm.gov.za	Pietermaritzburg
107	municipality	KZN232	Emnambithi/Ladysmith	Emnambithi/Ladysmith, KwaZulu-Natal	2011	2964.84000000000015	district	DC23	KwaZulu-Natal	KZN	B	P O BOX 19	LADYSMITH	3370	Lister Clarence Building	Murchison Street	3370	036 637 2231	036 631 0415	http://www.ladysmith.co.za	Ladysmith
108	municipality	KZN233	Indaka	Indaka, KwaZulu-Natal	2011	991.539999999999964	district	DC23	KwaZulu-Natal	KZN	B	P/BAG X 70113	WASBANK	2920	Indaka Local Municipality	2748 "F" Section	Wasbank	2920	034 261 1000	http://034 261 2035	Ekuvukeni T/Ship
109	municipality	KZN234	Umtshezi	Umtshezi, KwaZulu-Natal	2011	1972.45000000000005	district	DC23	KwaZulu-Natal	KZN	B	P O BOX 15	ESTCOURT	3310	Civic Building	Victoria Street	3310	036 342 7800	036 352 5829	http://www.umtshezi.co.za	Estcourt
110	municipality	KZN235	Okhahlamba	Okhahlamba, KwaZulu-Natal	2011	3970.98000000000002	district	DC23	KwaZulu-Natal	KZN	B	P O BOX 71	BERGVILLE	3350	Okhahlamba Municipality	10 Broadway Street	3350	036 448 1076	036 448 1986/2472	http://www.okhahlamba.org.za	Bergville
111	municipality	KZN236	Imbabazane	Imbabazane, KwaZulu-Natal	2011	1426.30999999999995	district	DC23	KwaZulu-Natal	KZN	B	P O BOX 750	ESTCOURT	3310	Ntabamhlophe	1 Sobabili Road	Sobabili Area	036 353 0625	036 353 6661	http://www.imbabazane.org.za	Ntabamhlope
14	district	DC23	Uthukela	Uthukela, KwaZulu-Natal	2011	1140.83048099999996	province	KZN	KwaZulu-Natal	KZN	C	P O BOX 116	LADYSMITH	3370	33 Forbes Street	Ladysmith	\N	036 638 5100	036 637 5608	http://www.uthukeladm.co.za	3370
175	municipality	KZN241	Endumeni	Endumeni, KwaZulu-Natal	2011	1610.23000000000002	district	DC24	KwaZulu-Natal	KZN	B	PRIVATE BAG X 2024	DUNDEE	3000	Dundee Civic Centre	Room 350	Dundee	3000	034 212 2121	http://034 212 3856	64 Victoria Street
112	municipality	KZN242	Nqutu	Nqutu, KwaZulu-Natal	2011	1962.25999999999999	district	DC24	KwaZulu-Natal	KZN	B	PRIVATE BAG X 5521	NQUTHU	3135	Nquthu Municipal Offices	Lot 83 Mdlalose Street (Main Office)	3135	034 271 6100	034 271 6111	http://www.nquthu.gov.za	Nquthu
113	municipality	KZN244	Msinga	Msinga, KwaZulu-Natal	2011	2501.13999999999987	district	DC24	KwaZulu-Natal	KZN	B	P O BOX 329	TUGELA FERRY	2930	Shop 18-20	Ithala Centre	2010	033 493 0762	033 493 0766	http://www.msinga.org.za	Tugela Ferry
114	municipality	KZN245	Umvoti	Umvoti, KwaZulu-Natal	2011	2515.5300000000002	district	DC24	KwaZulu-Natal	KZN	B	P O BOX 71	GREYTOWN	3250	41 Bell Street	Greytown	\N	033 413 9100	033 417 2571	http://www.umvoti.gov.za	3250
15	district	DC24	Umzinyathi	Umzinyathi, KwaZulu-Natal	2011	8651.94117499999993	province	KZN	KwaZulu-Natal	KZN	C	P O BOX 1965	DUNDEE	3000	39 Victoria Road	Princess Magogo Building	3000	034 218 1945	034 218 1940	http://www.umzinyathi.gov.za	Dundee
115	municipality	KZN252	Newcastle	Newcastle, KwaZulu-Natal	2011	1855.28999999999996	district	DC25	KwaZulu-Natal	KZN	B	PRIVATE BAG X6621	NEWCASTLE	2940	Newcastle Civic Center	37 Murchison Street	2940	034 328 7600	034 312 1570	http://www.newcastle.gov.za	Newcastle
229	municipality	NC075	Renosterberg	Renosterberg, Northern Cape	2011	5527.14999999999964	district	DC7	Northern Cape	NC	B	P O BOX 112	PETRUSVILLE	8770	School Street	Petrusville	\N	053 663 0041	053 663 0180	\N	8770
176	municipality	KZN253	Emadlangeni	Emadlangeni, KwaZulu-Natal	2011	3539.32000000000016	district	DC25	KwaZulu-Natal	KZN	B	P O BOX 11	UTRECHT	2980	Emadlangeni Municipality	34 Voor Street	2980	034 331 3041	034 331 4312	http://www.emadlangeni.gov.za	Utrecht
116	municipality	KZN254	Dannhauser	Dannhauser, KwaZulu-Natal	2011	1515.91000000000008	district	DC25	KwaZulu-Natal	KZN	B	PRIVATAE BAG X 1011	DANNHAUSER	3080	Municipal Offices	8 Church Street	3080	034 621 2666	034 621 2342	http://www.dannhauser.gov.za	Dannhauser
16	district	DC25	Amajuba	Amajuba, KwaZulu-Natal	2011	6963.33322099999987	province	KZN	KwaZulu-Natal	KZN	C	PRIVATE BAG X 6615	NEWCASTLE	2940	B9356 Ithala Building	Madadeni Township	2940	034 329 7200	034 314 3785	http://www.amajuba.gov.za	Newcastle
117	municipality	KZN261	eDumbe	eDumbe, KwaZulu-Natal	2011	1942.75999999999999	district	DC26	KwaZulu-Natal	KZN	B	PRIVATE BAG X308	PAULPIETERSBURG	3180	Municipal Offices	10 Hoog Street	3180	034 995 1650	034 995 1192	http://www.edumbe.gov.za	Paulpietersburg
118	municipality	KZN262	UPhongolo	UPhongolo, KwaZulu-Natal	2011	3239.19000000000005	district	DC26	KwaZulu-Natal	KZN	B	P O BOX 191	PONGOLA	3170	Prince Mangosuthu Square	61 Martin Street	3170	034 413 1223	034 413 1706	http://www.uphongolo.org.za	Pongola
119	municipality	KZN263	Abaqulusi	Abaqulusi, KwaZulu-Natal	2011	4184.63000000000011	district	DC26	KwaZulu-Natal	KZN	B	P O BOX 57	VRYHEID	3100	Main Building	C/O Mark & Hoog Streets	3100	034 982 2133	034 980 9637	http://www.abaqulusi.gov.za	Vryheid
120	municipality	KZN265	Nongoma	Nongoma, KwaZulu-Natal	2011	2182.11000000000013	district	DC26	KwaZulu-Natal	KZN	B	P O BOX 84	NONGOMA	3950	Nongoma Municipal Offices	103 Main Street	3950	035 831 7500	035 831 3152	http://www.nongoma.org.za	Nongoma
121	municipality	KZN266	Ulundi	Ulundi, KwaZulu-Natal	2011	3250.28999999999996	district	DC26	KwaZulu-Natal	KZN	B	`PRIVATE BAG X17	ULUNDI	3838	\N	Cnr Princess Magogo/King Zwelinthini	3838	035 874 5100	035 870 0598	http://www.ulundi.co.za	Ulundi
17	district	DC26	Zululand	Zululand, KwaZulu-Natal	2011	1491.16610300000002	province	KZN	KwaZulu-Natal	KZN	C	PRIVATE BAG X76	ULUNDI	3838	Princess Silomo Centre	B North 400 Gagane Street	3838	035 874 5500	035 874 5589/91	http://www.zululand.org.za	Ulundi
177	municipality	KZN271	Umhlabuyalingana	Umhlabuyalingana, KwaZulu-Natal	2011	4401.60999999999967	district	DC27	KwaZulu-Natal	KZN	B	PRIVATE BAG X901	KWANGWANASE	3973	Umhlabuyalingana Municipal Offices	Manguzi Main Road	3937	035 592 0680	035 592 0672	http://www.umhlabuyalingana.gov.za	Kwangwanase
122	municipality	KZN272	Jozini	Jozini, KwaZulu-Natal	2011	3442.25	district	DC27	KwaZulu-Natal	KZN	B	PRIVATE BAG X28	JOZINI	3969	Jozini Municipality	Circle Street Bottom Town	3969	035 572 1292	035 572 1266	http://www.jozini.org.za	Jozini
123	municipality	KZN273	The Big 5 False Bay	The Big 5 False Bay, KwaZulu-Natal	2011	2486.53999999999996	district	DC27	KwaZulu-Natal	KZN	B	P.O BOX 89	HLUHLUWE	3960	Library Building	163 Zebra Street	3960	035 562 0040	035 562 0988	http://www.big5falsebay.co.za	Hluhluwe
124	municipality	KZN274	Hlabisa	Hlabisa, KwaZulu-Natal	2011	1555.13000000000011	district	DC27	KwaZulu-Natal	KZN	B	P.O BOX 387	HLABISA	3937	Hlabisa Municipal Offices	Loft 808 Off Masson Street	3937	035 838 8500	035 838 1015	http://www.hlabisa.org.za	Hlabisa
125	municipality	KZN275	Mtubatuba	Mtubatuba, KwaZulu-Natal	2011	1969.83999999999992	district	DC27	KwaZulu-Natal	KZN	B	PO BOX 52	MTUBATUBA	3935	Municipal Offices	105 Inkosi Mtubatuba Road	3935	035 550 0069	035 550 0060	\N	Mtubatuba
18	district	DC27	Umkhanyakude	Umkhanyakude, KwaZulu-Natal	2011	1396.18629099999998	province	KZN	KwaZulu-Natal	KZN	C	P O BOX 449	MKHUZE	3965	Umkhanyakude District Municipality	13433 Kingfisher Road	3965	035 573 8600	035 573 1386	http://www.umkhanyakude.org.za	Mkhuze
126	municipality	KZN281	Mfolozi	Mfolozi, KwaZulu-Natal	2011	1209.98000000000002	district	DC28	KwaZulu-Natal	KZN	B	P O BOX 96	KWAMBONAMBI	3915	Municipal Offices	25 Bredelia Street	3915	035 580 1421	035 580 1141	http://www.mbonambi.co.za	Kwambonambi
178	municipality	KZN282	uMhlathuze	uMhlathuze, KwaZulu-Natal	2011	793.174999999999955	district	DC28	KwaZulu-Natal	KZN	B	PRIVATE BAG X 1004	RICHARDS BAY	3900	Civic Centre	5 Markstrausse	3900	035 907 5000	035 907 5444	http://www.richemp.org.za	Richards Bay
127	municipality	KZN283	Ntambanana	Ntambanana, KwaZulu-Natal	2011	1082.75999999999999	district	DC28	KwaZulu-Natal	KZN	B	PRIVATE BAG X 20066	EMPANGENI	3880	Municipal Offices	Main Bhucanana Road	3880	035 792 7090 / 1 / 2 / 3	035 792 7094	http://www.ntambanana.org.za	Empangeni
154	municipality	BUF	Buffalo City	Buffalo City, Eastern Cape	2011	2535.92999999999984	province	EC	Eastern Cape	EC	A	P O BOX 134	EAST LONDON	5200	Trust Bank Centre	C/O Oxford & North Street	5200	043 705 2000	043 743 8568	http://www.buffalocity.gov.za	East London
60	municipality	EC107	Baviaans	Baviaans, Eastern Cape	2011	11668.2999999999993	district	DC10	Eastern Cape	EC	B	P O BOX 15	WILLOWMORE	6445	Baviaans Municipality	42 Wehmeyer Street	6445	044 923 1004	044 923 1122	http://www.baviaans.co.za	Willowmore
162	municipality	NMA	Nelson Mandela Bay	Nelson Mandela Bay, Eastern Cape	2011	1958.91000000000008	province	EC	Eastern Cape	EC	A	P O BOX 116	PORT ELIZABETH	6000	City Hall	Govan Mbeki Avenue	6000	041 506 1911	041 506 1444	http://www.mandelametro.gov.za	Port Elizabeth
155	municipality	EC101	Camdeboo	Camdeboo, Eastern Cape	2011	12422.1000000000004	district	DC10	Eastern Cape	EC	B	P O BOX 71	GRAAFF- REINET	6280	The Town Hall	Church Square	6280	049 807 5700	049 892 6137	http://www.camdeboo.gov.za	Graaff-Reinet
56	municipality	EC102	Blue Crane Route	Blue Crane Route, Eastern Cape	2011	11068.6000000000004	district	DC10	Eastern Cape	EC	B	P O BOX 21	SOMERSET EAST	5850	Town Hall	67 Nojoli Street	5850	042 243 1333	042 243 2250	http://www.bcrm.gov.za	Somerset East
57	municipality	EC103	Ikwezi	Ikwezi, Eastern Cape	2011	4562.72999999999956	district	DC10	Eastern Cape	EC	B	P.O BOX 12	JANSENVILLE	6265	34 Main Street	Jansenville	\N	049 836 0021	049 836 0105	http://www.ikwezimunicipality.co.za	6265
68	municipality	EC131	Inxuba Yethemba	Inxuba Yethemba, Eastern Cape	2011	11662.7000000000007	district	DC13	Eastern Cape	EC	B	P O BOX 24	CRADOCK	5880	Civic Centre	J A Calata Street	5880	048 881 1515	048 881 3366	\N	Cradock
58	municipality	EC104	Makana	Makana, Eastern Cape	2011	4375.63000000000011	district	DC10	Eastern Cape	EC	B	P O BOX 176	GRAHAMSTOWN	6140	City Hall	86 High Street	6139	046 603 6130	046 636 2472	http://www.makana.gov.za	Grahamstown
156	municipality	EC105	Ndlambe	Ndlambe, Eastern Cape	2011	1840.63000000000011	district	DC10	Eastern Cape	EC	B	P.O BOX 13	PORT ALFRED	6170	Civic Centre	Causeway Road	6170	046 624 1140	046 624 2727	http://www.ndlambe.co.za	Port Alfred
59	municipality	EC106	Sundays River Valley	Sundays River Valley, Eastern Cape	2011	5993.52000000000044	district	DC10	Eastern Cape	EC	B	P O BOX 47	KIRKWOOD	6120	30 Middle Street	Kirkwood	\N	042 230 7700	042 230 1799	http://www.srvm.co.za	6120
61	municipality	EC108	Kouga	Kouga, Eastern Cape	2011	2669.82000000000016	district	DC10	Eastern Cape	EC	B	P O BOX 21	JEFFREYS BAY	6330	Municipal Buildings	33 Da Gama Road	6330	042 200 2200	042 200 8606	http://www.kougamunicipality.gov.za	Jeffreys Bay
128	municipality	KZN284	uMlalazi	uMlalazi, KwaZulu-Natal	2011	2213.94000000000005	district	DC28	KwaZulu-Natal	KZN	B	P O BOX 37	ESHOWE	3815	\N	1 Hutchinson Street	3815	035 473 3337	035 474 2809	http://www.umlalazi.org.za	Eshowe
129	municipality	KZN285	Mthonjaneni	Mthonjaneni, KwaZulu-Natal	2011	1085.97000000000003	district	DC28	KwaZulu-Natal	KZN	B	P O BOX 11	MELMOTH	3835	Mthonjaneni Municipal Offices	21 Reinhold Street	3835	035 450 2082	035 450 2056	http://www.mthonjaneni.org.za	Melmoth
130	municipality	KZN286	Nkandla	Nkandla, KwaZulu-Natal	2011	1827.57999999999993	district	DC28	KwaZulu-Natal	KZN	B	PRIVATE BAG X161	NKANDLA	3855	Municipal Offices	Maria Street	3855	035 833 2000	035 833 0920	http://www.nkandla.org.za	Nkandla
19	district	DC28	Uthungulu	Uthungulu, KwaZulu-Natal	2011	8273.05495800000062	province	KZN	KwaZulu-Natal	KZN	C	PRIVATE BAG X 1025	RICHARDS BAY	3900	Uthungulu House	10 Kruger Road	3900	035 799 2500	035 789 1409	http://www.uthungulu.org.za	Richards Bay
131	municipality	KZN291	Mandeni	Mandeni, KwaZulu-Natal	2011	545.480999999999995	district	DC29	KwaZulu-Natal	KZN	B	P.O BOX 144	MANDENI	4490	Municipal Offices	2 Kingfisher Road	4490	032 456 2504	032 456 8200	http://www.mandeni.gov.za	Mandeni
179	municipality	KZN292	KwaDukuza	KwaDukuza, KwaZulu-Natal	2011	734.977999999999952	district	DC29	KwaZulu-Natal	KZN	B	P O BOX 72	KWADUKUZA	4450	General Justice Mpanza	104 Mahatma Ghandi Street	4450	032 437 5000	032 437 5098	http://www.kwadukuza.gov.za	Kwadukuza
132	municipality	KZN293	Ndwedwe	Ndwedwe, KwaZulu-Natal	2011	1092.8900000000001	district	DC29	KwaZulu-Natal	KZN	B	PRIVATE BAG X 503	NDWEDWE	4342	\N	Ndwedwe Community Centre Hall	4342	032 532 1089	032 532 1234	http://www.ndwedwe.gov.za	Ndwedwe
133	municipality	KZN294	Maphumulo	Maphumulo, KwaZulu-Natal	2011	895.908999999999992	district	DC29	KwaZulu-Natal	KZN	B	PRIVATE BAG X9205	MAPHUMULO	4470	Maphumulo Municipal Offices	Sakhuxolo Skills Development Centre	4470	032 481 2047	032 481 2317	http://www.maphumulo.cov.za	Maphumulo
20	district	DC29	iLembe	iLembe, KwaZulu-Natal	2011	3292.25921299999982	province	KZN	KwaZulu-Natal	KZN	C	P O BOX 1788	KWADUKUZA	4450	Ilembe House	59-61 Mahatma Gandhi Street	4450	032 437 9300	032 437 9584	http://www.ilembe.gov.za	Kwadukuza
134	municipality	KZN431	Ingwe	Ingwe, KwaZulu-Natal	2011	1976.20000000000005	district	DC43	KwaZulu-Natal	KZN	B	P O BOX 62	CREIGHTON	3263	Municipal Building	Creighton Main Street	3263	039 833 1038	039 833 1179	http://www.ingwe.gov.za	Creighton
135	municipality	KZN432	Kwa Sani	Kwa Sani, KwaZulu-Natal	2011	1851.90000000000009	district	DC43	KwaZulu-Natal	KZN	B	P O BOX 43	HIMEVILLE	3256	Kwa Sani Municipality	32 Arbuckle Street	3256	033 702 1060	033 702 1148	http://www.kwasani.co.za	Himeville
180	municipality	KZN433	Greater Kokstad	Greater Kokstad, KwaZulu-Natal	2011	2679.82000000000016	district	DC43	KwaZulu-Natal	KZN	B	P O BOX 8	KOKSTAD	4700	\N	75 Hope Street	4700	039 797 6600	039 727 3676	http://www.kokstad.org.za	Kokstad
136	municipality	KZN434	Ubuhlebezwe	Ubuhlebezwe, KwaZulu-Natal	2011	1604.02999999999997	district	DC43	KwaZulu-Natal	KZN	B	PRIVATAE BAG X132	IXOPO	3276	Ubuhlebezwe Municipality	29 Margaret Street	3276	039 834 7700	039 834 1168	http://www.ubuhlebezwe.org.za	Ixopo
137	municipality	KZN435	Umzimkhulu	Umzimkhulu, KwaZulu-Natal	2011	2435.4699999999998	district	DC43	KwaZulu-Natal	KZN	B	PO BOX 53	UMZIMKHULU	3297	Municipal Building	169 Main Street	3297	039 259 5000	039 259 5027	http://www.umzimkhululm.gov.za	Umzimkhulu
35	district	DC43	Sisonke	Sisonke, KwaZulu-Natal	2011	1061.80334799999991	province	KZN	KwaZulu-Natal	KZN	C	PRIVATE BAG X501	IXOPO	3276	Sisonke District Municipality	40 Main Street	3276	039 834 8700	039 834 1750	http://www.sisonke.gov.za	Ixopo
214	municipality	NW393	Mamusa	Mamusa, North West	2011	3614.84000000000015	district	DC39	North West	NW	B	P O BOX 5	SCHWEIZER RENEKE	2780	Municipal Offices	28 Schweizer Street	2780	053 963 1331	053 963 1076	\N	Schweizers Reneke
138	municipality	LIM331	Greater Giyani	Greater Giyani, Limpopo	2011	4171.60999999999967	district	DC33	Limpopo	LIM	B	PRIVATE BAG X9559	GIYANI	0826	Giyani Civic Centre	Ba 59 Civic Centre	0826	015 811 5500	015 812 2068	http://www.greatergiyani.gov.za	Giyani
139	municipality	LIM332	Greater Letaba	Greater Letaba, Limpopo	2011	1890.8900000000001	district	DC33	Limpopo	LIM	B	P O BOX 36	MODJADJISKLOOF	0835	Civic Centre	169 Botha Street	0835	015 309 9246/7/8	015 309 9419	http://www.greaterletaba.gov.za	Modjadjiskloof
140	municipality	LIM333	Greater Tzaneen	Greater Tzaneen, Limpopo	2011	3242.57999999999993	district	DC33	Limpopo	LIM	B	P O BOX 24	TZANEEN	0850	Civic Centre	Agatha Street	0850	015 307 8000	015 307 8049	http://www.tzaneen.gov.za	Tzaneen
181	municipality	LIM334	Ba-Phalaborwa	Ba-Phalaborwa, Limpopo	2011	7461.64999999999964	district	DC33	Limpopo	LIM	B	PRIVATE BAG X1020	PHALABORWA	1390	Ba Phalaborwa Municipality	10 Nelson Mandela & Palm Avenue	1390	015 780 6300	015 781 0726	http://www.ba-phalaborwa.gov.za	Phalaborwa
141	municipality	LIM335	Maruleng	Maruleng, Limpopo	2011	3244.30000000000018	district	DC33	Limpopo	LIM	B	P O BOX 627	HOEDSPRUIT	1380	Municipal Building	65 Springbok Street	1380	015 793 2409	015 793 2341	\N	Hoedspruit
25	district	DC33	Mopani	Mopani, Limpopo	2011	2019.33166699999992	province	LIM	Limpopo	LIM	C	PRIVATE BAG X9687	GIYANI	0826	Government Buildings	Main Road	0826	015 811 6300	015 812 4301	http://www.mopani.gov.za	Giyani
142	municipality	LIM341	Musina	Musina, Limpopo	2011	7576.82999999999993	district	DC34	Limpopo	LIM	B	PRIVATE BAG X611	MUSINA	0900	Musina Civic Centre	21 Irwin Street	0900	015 534 6100	015 534 2513	http://www.musina.gov.za	Musina
149	municipality	LIM355	Lepele-Nkumpi	Lepele-Nkumpi, Limpopo	2011	3463.44999999999982	district	DC35	Limpopo	LIM	B	PRIVATE BAG X07	CHUENESPOORT	0745	Civic Offices	Zone F	0737	015 633 4500	015 633 6896	http://www.lepelle-nkumpi.gov.za	Lebowakgomo
143	municipality	LIM342	Mutale	Mutale, Limpopo	2011	3886.17000000000007	district	DC34	Limpopo	LIM	B	PRIVATE BAG X1254	MUTALE	0956	New Municipal Offices	\N	0956	015 967 9600	015 967 9677	http://www.mutale.gov.za	Mutale
144	municipality	LIM343	Thulamela	Thulamela, Limpopo	2011	5834.25	district	DC34	Limpopo	LIM	B	PRIVATE BAG X5066	THOHOYANDOU	0950	Old Agriven Building Ardc	Thohoyandou	\N	015 962 7500	015 962 4020	http://www.thulamela.gov.za	0950
145	municipality	LIM344	Makhado	Makhado, Limpopo	2011	8299.70000000000073	district	DC34	Limpopo	LIM	B	P O BOX 2596	LOUIS TRICHARDT	0920	Civic Centre	Corner Erasmus & Krogh Street	0920	015 519 3000	015 516 1195/5084	http://www.makhado.gov.za	Makhado
26	district	DC34	Vhembe	Vhembe, Limpopo	2011	2583.89159299999983	province	LIM	Limpopo	LIM	C	PRIVATE BAG X5006	THOHOYANDOU	0950	Old Parliament Building	Mphephe Street	0950	015 960 2000	015 962 1017	http://www.vhembe.gov.za	Thohoyandou
146	municipality	LIM351	Blouberg	Blouberg, Limpopo	2011	9248.1200000000008	district	DC35	Limpopo	LIM	B	P.O BOX 1593	BOCHUM	0790	2nd Building	Dendron Road	0790	015 505 7100	015 505 0296	http://www.blouberg.gov.za	Senwabarwana
182	municipality	LIM352	Aganang	Aganang, Limpopo	2011	1880.56999999999994	district	DC35	Limpopo	LIM	B	P O BOX 990	JUNO	0748	Ceres	Moletjie	\N	015 295 1400	015 295 1401	http://www.aganang.gov.za	0748
147	municipality	LIM353	Molemole	Molemole, Limpopo	2011	3347.32999999999993	district	DC35	Limpopo	LIM	B	PRIVATE BAG X44	MOGWADI	0715	\N	303 Church Street	0715	015 501 0243	015 501 0419	http://www.molemole.gov.za	Mogwadi
148	municipality	LIM354	Polokwane	Polokwane, Limpopo	2011	3765.98000000000002	district	DC35	Limpopo	LIM	B	P O BOX 111	POLOKWANE	0700	Civic Centre	C/O Bodenstein & Landdros Maree	0699	015 290 2000	015 290 2106	http://www.polokwane.gov.za	Polokwane
27	district	DC35	Capricorn	Capricorn, Limpopo	2011	2190.53465199999982	province	LIM	Limpopo	LIM	C	P O BOX 4100	POLOKWANE	0700	Capricorn District Municipality	41 Bicard Street	0700	015 294 1000	015 295 7288	http://www.cdm.org.za	Polokwane
150	municipality	LIM361	Thabazimbi	Thabazimbi, Limpopo	2011	11190.1000000000004	district	DC36	Limpopo	LIM	B	PO BOX 90	THABAZIMBI	0380	Russels	7th Rietbok	0380	014 777 1525	014 777 1531	http://www.thabazimbi.gov.za	Thabazimbi
151	municipality	LIM362	Lephalale	Lephalale, Limpopo	2011	13784.2000000000007	district	DC36	Limpopo	LIM	B	PRIVATE BAG X136	LEPHALALE	0555	Civic Centre	C/O Joe Slovo & Douwater Ave	0555	014 763 2193	014 763 5662	http://www.lephalale.gov.za	Lephalale
183	municipality	LIM364	Mookgopong	Mookgopong, Limpopo	2011	5688.85000000000036	district	DC36	Limpopo	LIM	B	PRIVATE BAG X340	MOOKGOPONG	0560	Louis Trichart Avenue	Mookgopong	\N	014 743 1111	014 743 2434	\N	0560
152	municipality	LIM365	Modimolle	Modimolle, Limpopo	2011	4677.94999999999982	district	DC36	Limpopo	LIM	B	P O BOX 1008	MODIMOLLE	0510	O R Tambo Square	Harry Gwala	0510	014 718 2000	014 717 1687	http://www.modimolle.gov.za	Modimolle
153	municipality	LIM366	Bela-Bela	Bela-Bela, Limpopo	2011	3406.19999999999982	district	DC36	Limpopo	LIM	B	PRIVATE BAG X 1609	BELA BELA	0480	399 Chris Hani Rd	Chris Hani Drive	0480	014 736 8000	014 736 3288	http://www.belabela.gov.za	Bela Bela
184	municipality	LIM367	Mogalakwena	Mogalakwena, Limpopo	2011	6166.0600000000004	district	DC36	Limpopo	LIM	B	P O BOX 34	MOKOPANE	0600	Mogalakwena Civic Centre	54 Retief Street	0601	015 491 9606	086 529 8320	http://www.mogalakwena.gov.za	Mokopane
28	district	DC36	Waterberg	Waterberg, Limpopo	2011	4531.56430699999964	province	LIM	Limpopo	LIM	C	PRIVATE BAG X1018	MODIMOLLE	0510	Waterberg District Building	Harry Gwala Street	0510	014 718 3300	014 717 3886	http://www.waterberg.gov.za	Modimolle
185	municipality	LIM471	Ephraim Mogale	Ephraim Mogale, Limpopo	2011	2011.30999999999995	district	DC47	Limpopo	LIM	B	P O BOX 111	MARBLE HALL	0450	Civic Centre	13 Ficus Street	0450	013 261 8400	013 261 2985	http://www.ephraimmogalelm.gov.za	Marble Hall
186	municipality	LIM472	Elias Motsoaledi	Elias Motsoaledi, Limpopo	2011	3713.32999999999993	district	DC47	Limpopo	LIM	B	P O BOX 48	GROBLESRSDAL	0470	Municipal Buildings	2 Grobler Avenue	0470	013 262 3056	013 262 2893	http://www.eliasmotsoaledi.gov.za	Groblersdal
191	municipality	MP302	Msukaligwa	Msukaligwa, Mpumalanga	2011	6015.67000000000007	district	DC30	Mpumalanga	MP	B	P.O BOX 48	ERMELO	2350	Civic Centre	C/O Taute & Kerk Street	2350	017 801 3500	017 801 3851	http://www.msukaligwa.gov.za	Ermelo
187	municipality	LIM473	Makhuduthamaga	Makhuduthamaga, Limpopo	2011	2096.59999999999991	district	DC47	Limpopo	LIM	B	PRIVATE BAG X 434	JANE FURSE	1085	Stand No 1	Jane Furse Plaze	1085	013 265 1262	013 265 1975	http://www.makhuduthamaga.gov.za	Jane Furse
188	municipality	LIM474	Fetakgomo	Fetakgomo, Limpopo	2011	1104.52999999999997	district	DC47	Limpopo	LIM	B	P O BOX 818	APEL	0739	Fetakgomo Municipality	Stand No. 1	0740	015 622 8000	015 622 8026	http://www.fetakgomo.gov.za	Mashung
189	municipality	LIM475	Greater Tubatse	Greater Tubatse, Limpopo	2011	4601.96000000000004	district	DC47	Limpopo	LIM	B	P O BOX 206	BURGERSFORT	1150	Greater Tubatse Building	1 Konstia Street	1150	013 231 1000	013 231 7467	http://www.tubatse.gov.za	Burgersfort
38	district	DC47	Sekhukhune	Sekhukhune, Limpopo	2011	1364.58807499999989	province	LIM	Limpopo	LIM	C	PRIVATE BAG X8611	GROBLERSDAL	0470	3 West Street	Groblersdal	\N	013 262 2743	013 262 4303	http://www.sekhukhune.gov.za	0471
190	municipality	MP301	Albert Luthuli	Albert Luthuli, Mpumalanga	2011	5559.39999999999964	district	DC30	Mpumalanga	MP	B	P.O. BOX 24	CAROLINA	1185	Carolina Municipal Offices	28 Church Street	1185	017 843 4000	017 843 4001	http://www.albertluthuli.gov.za	Carolina
264	municipality	MP303	Mkhondo	Mkhondo, Mpumalanga	2011	4882.17000000000007	district	DC30	Mpumalanga	MP	B	P O BOX 23	PIET RETIEF	2380	Civic Centre	C/O Mark & De Wet Streets	2380	017 826 2211/8100	017 826 0330	\N	Piet Retief
192	municipality	MP304	Pixley Ka Seme	Pixley Ka Seme, Mpumalanga	2011	5227.21000000000004	district	DC30	Mpumalanga	MP	B	PRIVATE BAG X 9011	VOLKSRUST	2470	Municipal Buildings	C/O Jourbert & Lainsnekstreets Voortrekk	2470	017 734 6100	017 735 3004	\N	Volksrust
193	municipality	MP305	Lekwa	Lekwa, Mpumalanga	2011	4585.1899999999996	district	DC30	Mpumalanga	MP	B	P O BOX 66	STANDERTON	2430	Main Administration Building	Cnr B Naude & M Maiyela Street	2430	017 712 9600	017 712 9651	\N	Standerton
194	municipality	MP306	Dipaleseng	Dipaleseng, Mpumalanga	2011	2616.55999999999995	district	DC30	Mpumalanga	MP	B	P O BOX 10555	BALFOUR	2410	Municipal Building Kruger Square	Cnr Stuart & Joubert Streets	2410	017 773 0055	017 773 0169	http://www.dipaleseng.gov.za	Balfour
195	municipality	MP307	Govan Mbeki	Govan Mbeki, Mpumalanga	2011	2954.69000000000005	district	DC30	Mpumalanga	MP	B	PRIVATE BAG X 1017	SECUNDA	2302	Municpal Building	Mark Street	2302	017 620 6000	017 634 8019	http://www.govanmbeki.gov.za	Secunda
22	district	DC30	Gert Sibande	Gert Sibande, Mpumalanga	2011	3209.72732200000019	province	MP	Mpumalanga	MP	C	P O BOX 1748	ERMELO	2350	Council Building	Cnr Oosthuize & Joubert	2350	017 801 7000	017 811 1230	http://www.gsibande.gov.za	Ermelo
265	municipality	MP311	Victor Khanye	Victor Khanye, Mpumalanga	2011	1567.76999999999998	district	DC31	Mpumalanga	MP	B	P O BOX 6	DELMAS	2210	Municipal Building	C/O Samuel & V/D Walt Streets	2210	013 665 6000	013 665 2913	http://www.delmasmunic.co.za	Delmas
196	municipality	MP312	Emalahleni	Emalahleni, Mpumalanga	2011	2677.61000000000013	district	DC31	Mpumalanga	MP	B	P O BOX 3	EMALAHLENI (MP)	1035	Civic Centre	C/O Arras & Mandela Avenue	1035	013 690 6911	013 690 6207	http://www.emalahleni.gov.za	Emalahleni
197	municipality	MP313	Steve Tshwete	Steve Tshwete, Mpumalanga	2011	3976.44999999999982	district	DC31	Mpumalanga	MP	B	P O BOX 14	MIDDELBURG	1050	Municpal Building	C/O Church & Wanderers Ave	1050	013 249 7000	013 243 2550	http://www.stevetshwetelm.gov.za	Middelburg
198	municipality	MP314	Emakhazeni	Emakhazeni, Mpumalanga	2011	4735.57999999999993	district	DC31	Mpumalanga	MP	B	P O BOX 17	BELFAST	1100	Municipal Building	25 Scheepers Street	1100	013 253 1121	013 253 1889	http://www.emakhazenilm.co.za	Belfast
199	municipality	MP315	Thembisile	Thembisile, Mpumalanga	2011	2384.36999999999989	district	DC31	Mpumalanga	MP	B	PRIVATE BAG X 4041	EMPUMALANGA	0458	24 Municipal Offices	Kwaggafontein Crossing	0458	013 986 9115	031 986 0995	http://www.thembisilelm.gov.za	Kwaggafontein
200	municipality	MP316	Dr JS Moroka	Dr JS Moroka, Mpumalanga	2011	1416.47000000000003	district	DC31	Mpumalanga	MP	B	P/BAG X 4012	SIYABUSWA	0472	Municipal Building A 2601/3	Bongimfundo Street	0472	013 973 1101	013 973 0973/4	http://www.drjsmlm.gov.za	Siyabuswa
23	district	DC31	Nkangala	Nkangala, Mpumalanga	2011	1689.92186500000003	province	MP	Mpumalanga	MP	C	P O BOX 437	MIDDELBURG	1050	Nkangala District Municipality	2a Church Street	1050	013 249 2000	013 249 2114	http://www.nkangaladm.org.za	Middelburg
266	municipality	MP322	Mbombela	Mbombela, Mpumalanga	2011	5394.43000000000029	district	DC32	Mpumalanga	MP	B	P O BOX 45	NELSPRUIT	1200	Civic Centre	1 Nel Street	1200	013 759 9111	013 759 2070	http://www.mbombela.gov.za	Nelspruit
202	municipality	MP323	Umjindi	Umjindi, Mpumalanga	2011	1745.38000000000011	district	DC32	Mpumalanga	MP	B	P O BOX 33	BARBERTON	1300	Municipal Building	Cnr General & De Villiers Street	1300	013 712 8800	013 712 5120	http://www.umjindi.gov.za	Barberton
203	municipality	MP324	Nkomazi	Nkomazi, Mpumalanga	2011	4786.97000000000025	district	DC32	Mpumalanga	MP	B	PRIVATE BAG X101	MALELANE	1320	Civic Centre	9 Park Street	1320	013 790 0245	013 790 0496	http://www.nkomazimun.co.za	Malelane
204	municipality	MP325	Bushbuckridge	Bushbuckridge, Mpumalanga	2011	10249.7000000000007	district	DC32	Mpumalanga	MP	B	PRIVATE BAG X 3016	MKHUHLU	1246	Municipal Building	169/A Matikwane Main Road	1246	013 708 6018 /9	013 708 6990	\N	Mkhuhlu
24	district	DC32	Ehlanzeni	Ehlanzeni, Mpumalanga	2011	2813.69942399999991	province	MP	Mpumalanga	MP	C	P O BOX 3333	NELSPRUIT	1200	\N	8 Van Niekerk Street	1200	013 759 8500	013 755 3157	http://www.ledc.co.za	Nelspruit
240	municipality	NC451	Joe Morolong	Joe Morolong, Northern Cape	2011	20172	district	DC45	Northern Cape	NC	B	P /BAG X117	MOTHIBISTAD	8474	Joe Morolong Municipal Offices	D320 Cardington Road	8474	053 773 9300	053 773 9350	http://www.joemorolong.gov.za	Churchill Village
241	municipality	NC452	Ga-Segonyana	Ga-Segonyana, Northern Cape	2011	4491.64000000000033	district	DC45	Northern Cape	NC	B	PRIVATE BAG X1522	KURUMAN	8460	\N	C36 Modidle Street	\N	053 712 9300	053 712 3581	http://www.kurumankalahari.co.za	Kagung
242	municipality	NC453	Gamagara	Gamagara, Northern Cape	2011	2619.42000000000007	district	DC45	Northern Cape	NC	B	P O BOX 1001	KATHU	8456	Gamagara Municipality	C/O Hendrik Van Eck & Frikkie Meyer	8446	053 723 2261	053 723 1364	http://www.gamagara.co.za	Kathu
221	municipality	NC061	Richtersveld	Richtersveld, Northern Cape	2011	9607.68000000000029	district	DC6	Northern Cape	NC	B	PRIVATE BAG X113	PORT NOLLOTH	8280	Municipal Building	Main Road	8280	027 851 1111	027 851 1101	http://www.richtersveld.gov.za	Port Nolloth
37	district	DC45	John Taolo Gaetsewe	John Taolo Gaetsewe, Northern Cape	2011	2749.89137100000016	province	NC	Northern Cape	NC	C	P.O BOX 1480	KURUMAN	8460	John Taolo Gaetsewe District	4 Federale Mynbou Str	8460	053 712 8700	053 712 2502	http://www.taologaetsewe.gov.za	Kuruman
270	municipality	NC062	Nama Khoi	Nama Khoi, Northern Cape	2011	17988.5999999999985	district	DC6	Northern Cape	NC	B	P O BOX 17	SPRINGBOK	8240	Civic Centre	4 Namakwa St	8240	027 718 8100	027 712 1635	http://www.namakhoi.org.za	Springbok
222	municipality	NC064	Kamiesberg	Kamiesberg, Northern Cape	2011	14210.2000000000007	district	DC6	Northern Cape	NC	B	P O BOX 38	GARIES	8220	\N	22 Hoofstraat	8220	027 652 1014	027 652 1148	\N	Garies
223	municipality	NC065	Hantam	Hantam, Northern Cape	2011	36128.0999999999985	district	DC6	Northern Cape	NC	B	PRIVATE BAG X 14	CALVINIA	8190	20 Hoopstraat	Calvinia	\N	027 341 8500	027 341 8501	http://www.hantam.gov.za	8190
224	municipality	NC066	Karoo Hoogland	Karoo Hoogland, Northern Cape	2011	32273.9000000000015	district	DC6	Northern Cape	NC	B	P/BAG X 3	WILLISTON	8920	Karoo Hoogland Municipality	Herbst Street	8920	053 391 3003	053 391 3294	http://www.karoohoogland.co.za	Williston
225	municipality	NC067	Khi-Ma	Khi-Ma, Northern Cape	2011	16627.9000000000015	district	DC6	Northern Cape	NC	B	P O BOX 108	POFADDER	8890	Municipal Offices	Nuwe Street	8890	054 933 0066	054 933 0252	\N	Pofadder
41	district	DC6	Namakwa	Namakwa, Northern Cape	2011	1276.63268599999992	province	NC	Northern Cape	NC	C	PRIVATE BAG X 20	SPRINGBOK	8240	\N	Redelinghyuys Street	8240	027 712 8000	027 712 8040	http://www.namakwa-dm.gov.za	Springbok
271	municipality	NC071	Ubuntu	Ubuntu, Northern Cape	2011	20389.2000000000007	district	DC7	Northern Cape	NC	B	PRIVATE BAG X329	VICTORIA WEST	7070	Municipality Building	84 Church Street	7070	053 621 0026	053 621 0368	\N	Victoria West
226	municipality	NC072	Umsobomvu	Umsobomvu, Northern Cape	2011	6818.52000000000044	district	DC7	Northern Cape	NC	B	PRIVATE BAG X 6	COLESBERG	9795	Civic Centre	21a Church Street	9795	051 753 0777	051 753 0574	http://www.umsobomvumun.co.za	Colesberg
227	municipality	NC073	Emthanjeni	Emthanjeni, Northern Cape	2011	13472.2999999999993	district	DC7	Northern Cape	NC	B	P O BOX 42	DE AAR	7000	\N	45 Voortrekker Street	7000	053 632 9100	053 631 0105	http://www.emthanjeni.co.za	De Aar
228	municipality	NC074	Kareeberg	Kareeberg, Northern Cape	2011	17702	district	DC7	Northern Cape	NC	B	P O BOX 10	CARNARVON	8925	\N	Hanau Street	8925	053 382 3012	053 382 3142	http://www.kareeberg.co.za	Carnarvon
230	municipality	NC076	Thembelihle	Thembelihle, Northern Cape	2011	8023.06999999999971	district	DC7	Northern Cape	NC	B	PRIVATE BAG X3	HOPETOWN	8750	\N	Church Street	8750	053 203 0005 / 8 /422	053 203 0490	\N	Hopetown
272	municipality	NC077	Siyathemba	Siyathemba, Northern Cape	2011	14724.7999999999993	district	DC7	Northern Cape	NC	B	P.O BOX 16	PRIESKA	8940	Municipal Building - Civic Centre	Victoria Street	8940	053 353 5300	053 353 1386	http://www.siyathemba.gov.za	Prieska
231	municipality	NC078	Siyancuma	Siyancuma, Northern Cape	2011	16752.7999999999993	district	DC7	Northern Cape	NC	B	P O BOX 27	DOUGLAS	8730	Civic Centre	Charl Celliers Street	8730	053 298 1810	053 298 2019	\N	Douglas
42	district	DC7	Pixley ka Seme	Pixley ka Seme, Northern Cape	2011	1040.94585400000005	province	NC	Northern Cape	NC	C	PRIVATE BAG X1012	DE AAR	7000	Culvert Road	De Aar	\N	053 631 0891	053 631 2529	http://www.pixley.co.za	7000
232	municipality	NC081	Mier	Mier, Northern Cape	2011	22468.4000000000015	district	DC8	Northern Cape	NC	B	P O BOX 178	MIER	8811	Civic Centre	63 Loubos Road	8811	054 531 0019	054 531 0019	\N	Rietfontein
233	municipality	NC082	Kai !Garib	Kai !Garib, Northern Cape	2011	26358	district	DC8	Northern Cape	NC	B	PRIVAATSAK X6	KAKAMAS	8870	Munisipale Kantoor	Elfdelaan 11	8870	054 431 6300	054 431 6301	\N	Kakamas
234	municipality	NC083	//Khara Hais	//Khara Hais, Northern Cape	2011	21779.7999999999993	district	DC8	Northern Cape	NC	B	PRIVATE BAG X 6003	UPINGTON	8800	Civic Centre	2 Market Street	8800	054 338 7000	054 338 7350	http://www.kharahais.gov.za	Upington
235	municipality	NC084	!Kheis	!Kheis, Northern Cape	2011	11107.5	district	DC8	Northern Cape	NC	B	PRIVATE BAG X 2	GROBLERSHOOP	8850	97 Oranje Street	Groblershoop	\N	054 833 9500	054 833 9509	http://www.kheismun.co.za	8850
273	municipality	NC085	Tsantsabane	Tsantsabane, Northern Cape	2011	18332.7999999999993	district	DC8	Northern Cape	NC	B	P.O BOX 5	POSTMASBURG	8420	Civic Centre	19 Springbok Street	8420	053 313 7300	053 313 1602	\N	Postmasburg
236	municipality	NC086	Kgatelopele	Kgatelopele, Northern Cape	2011	2477.92999999999984	district	DC8	Northern Cape	NC	B	PO BOX 43	DANIELSKUIL	8405	Barker Street	Danielskuil	\N	053 384 8600	053 384 0326	\N	8405
43	district	DC8	Siyanda	Siyanda, Northern Cape	2011	1032.97298099999989	province	NC	Northern Cape	NC	C	PRIVATE BAG X 6039	UPINGTON	8800	Cnr Hill & Le Roux Street	Upington	\N	054 337 2800	054 337 2888	http://www.siyanda-dm.co.za	8800
237	municipality	NC091	Sol Plaatjie	Sol Plaatjie, Northern Cape	2011	3145.38999999999987	district	DC9	Northern Cape	NC	B	PRIVATE BAG X 5030	KIMBERLEY	8300	Civic Centre	Sol Plaatje Boulevard	8301	053 830 6911	053 833 1005	http://www.solplaatje.org.za	Kimberley
238	municipality	NC092	Dikgatlong	Dikgatlong, Northern Cape	2011	7314.72000000000025	district	DC9	Northern Cape	NC	B	PRIVATE BAG X5	BARKLEY WEST	8375	Civic Centre	Campbell Street	8375	053 531 0671/2/3	053 531 0624	\N	Barkly West
208	municipality	NW375	Moses Kotane	Moses Kotane, North West	2011	5719.06999999999971	district	DC37	North West	NW	B	PRIVATE BAG X1011	MOGWASE	0314	Civic Centre	Mogwase Shopping Complex	0314	014 555 1300	014 555 6368	http://www.moseskotane.gov.za	Mogwase
239	municipality	NC093	Magareng	Magareng, Northern Cape	2011	1541.67000000000007	district	DC9	Northern Cape	NC	B	P O BOX 10	WARRENTON	8530	Municipal Building	1 Magrieta Prinsloo Street	8530	053 497 3111	053 497 4514	\N	Warrenton
274	municipality	NC094	Phokwane	Phokwane, Northern Cape	2011	833.875	district	DC9	Northern Cape	NC	B	PRIVATE BAG X 3	HARTSWATER	8570	Phokwane Municipality	24 Hertzog Street	8570	053 474 9700	053 474 1768	http://www.phokwane.gov.za	Hartswater
44	district	DC9	Frances Baard	Frances Baard, Northern Cape	2011	1293.09347200000002	province	NC	Northern Cape	NC	C	PRIVATE BAG X6088	KIMBERLEY	8300	51 Drakensberg Ave	Carters Glen	8301	053 838 0911	053 861 1538	http://www.francesbaard.gov.za	Kimberley
205	municipality	NW371	Moretele	Moretele, North West	2011	1378.74000000000001	district	DC37	North West	NW	B	PRIVATE BAG X367	MAKAPANSTAD	0404	Municipal Offices	4605 B	0404	012 716 1000	012 716 9999	\N	Mathibestad
206	municipality	NW372	Madibeng	Madibeng, North West	2011	3839.21000000000004	district	DC37	North West	NW	B	P O BOX 106	BRITS	0250	Municipal Head Office	53 Van Velden Street	0250	012 318 9100	012 318 9203	http://www.madibeng.gov.za	Brits
267	municipality	NW373	Rustenburg	Rustenburg, North West	2011	3423.26000000000022	district	DC37	North West	NW	B	P O BOX 16	RUSTENBURG	0300	Missionary Mphedi House	C/O Nelson Mandela & Beyers Naude Drive	0300	014 590 3111	014 590 3399	http://www.rustenburg.gov.za	Rustenburg
207	municipality	NW374	Kgetlengrivier	Kgetlengrivier, North West	2011	3973.11999999999989	district	DC37	North West	NW	B	PO BOX 66	KOSTER	0348	Municipal Building	C/O Smuts & De Wit Streets	0348	014 543 2004/5/6	014 543 2004/5/6	http://www.kgetlengrivier.gov.za	Koster
29	district	DC37	Bojanala	Bojanala, North West	2011	1848.95336300000008	province	NW	North West	NW	C	P.O BOX 1993	RUSTENBURG	0300	Bojanala P D M	Cnr Fatima Bayat & Beyers Naude	0300	014 590 4500	014 597 0306	http://www.bojanala.gov.za	Rustenburg
209	municipality	NW381	Ratlou	Ratlou, North West	2011	4883.64999999999964	district	DC38	North West	NW	B	PO BOX 494	STELLA	8650	Ratlou Local Municipality	Delareyville Road	8650	018 330 7000	018 330 7091	\N	Setlagole Village
210	municipality	NW382	Tswaing	Tswaing, North West	2011	5966.25	district	DC38	North West	NW	B	P O BOX 24	DELAREY VILLE	2770	Tswaing Local Municipality	Cnr De Larey & Government Street	2770	053 948 0900	053 948 1500	\N	Delareyville
211	municipality	NW383	Mafikeng	Mafikeng, North West	2011	3698.44000000000005	district	DC38	North West	NW	B	PRIVATE BAG X 63	MMABATHO	2735	Municipal Offices	Cr. Hector Peterson & Unversity Drive	2735	018 389 0111	018 384 4063	http://www.mafikeng.gov.za	Mmabatho
268	municipality	NW384	Ditsobotla	Ditsobotla, North West	2011	6464.86999999999989	district	DC38	North West	NW	B	P O BOX 7	LICHTENBURG	2740	Civic Centre	C/O Nelson Mandela Drive & Transvaal	2740	018 632 5051	018 632 0556	http://www.ditsobotla.co.za	Lichtenburg
212	municipality	NW385	Ramotshere Moiloa	Ramotshere Moiloa, North West	2011	7192.88000000000011	district	DC38	North West	NW	B	P O BOX 92	ZEERUST	2865	Coetzee Street	Zeerust	\N	018 642 1081	018 642 3586	\N	2865
30	district	DC38	Ngaka Modiri Molema	Ngaka Modiri Molema, North West	2011	2844.07866800000011	province	NW	North West	NW	C	PRIVATE BAG X2167	MAFIKENG	2745	Ngaka Modiri Molema Dm	Cnr Carrington & 1st Avenue	2735	018 381 9400	018 381 7751	\N	Mafikeng
213	municipality	NW392	Naledi	Naledi, North West	2011	6941.1899999999996	district	DC39	North West	NW	B	P O BOX 35	VRYBURG	8600	Civic Centre	Market Street	8601	053 928 2200	053 927 3482 / 6181	http://www.naledilm.co.za	Vryburg
215	municipality	NW394	Greater Taung	Greater Taung, North West	2011	5635.47000000000025	district	DC39	North West	NW	B	P / BAG X 1048	TAUNG STATION	8580	Greater Taung Admin Building	Station Street	8580	053 994 9400	053 994 3917	http://www.greatertaung.gov.za	Taung
269	municipality	NW396	Lekwa-Teemane	Lekwa-Teemane, North West	2011	3681.19999999999982	district	DC39	North West	NW	B	P O BOX 13	CHRISTIANA	2680	Municipal Building	Cnr Robyn & Dierkie-Uys	2680	053 441 2206	053 441 3735	\N	Christiana
216	municipality	NW397	Kagisano/Molopo	Kagisano/Molopo, North West	2011	23827.2999999999993	district	DC39	North West	NW	B	\N	\N	\N	\N	\N	\N	\N	\N	\N	\N
31	district	DC39	Dr Ruth Segomotsi Mompati	Dr Ruth Segomotsi Mompati, North West	2011	4405.23903799999971	province	NW	North West	NW	C	P O BOX 21	VRYBURG	8600	Old Eskom Building	21 De Kock Street	8600	053 927 2222	053 927 2401	http://www.bophirima.co.za	Vryburg
217	municipality	NW401	Ventersdorp	Ventersdorp, North West	2011	3764.05000000000018	district	DC40	North West	NW	B	PRIVATE BAG X 1010	VENTERSDORP	2710	\N	10 Van Tonder Crescent	2710	018 264 2051	018 264 2051	http://www.ventersdorp.co.za	Ventersdorp
218	municipality	NW402	Tlokwe City Council	Tlokwe City Council, North West	2011	2673.67999999999984	district	DC40	North West	NW	B	PRIVATE BAG X1253	POTCHEFSTROOM	2520	Dan Tloome Complex	35 Wolmarans Street	2520	018 299 5151	018 294 8203	http://www.potch.co.za	Potchefstroom
219	municipality	NW403	City of Matlosana	City of Matlosana, North West	2011	3561.46000000000004	district	DC40	North West	NW	B	PO BOX 99	KLERKSDORP	2570	Mayibuye	C/O Braam Fisher & Emily Hobhouse Street	2570	018 406 8507	018 464 2318	http://www.matlosana.org.za	Klerksdorp
220	municipality	NW404	Maquassi Hills	Maquassi Hills, North West	2011	4643.05000000000018	district	DC40	North West	NW	B	P/ BAG X1003	WOLMARANSSTAD	2630	Municipal Offices	Krugerstreet 19	2630	018 596 1051	018 596 1555	\N	Wolmaransstad
33	district	DC40	Dr Kenneth Kaunda	Dr Kenneth Kaunda, North West	2011	1475.93892000000005	province	NW	North West	NW	C	PRIVATE BAG X 5017	KLERKSDORP	2570	Civic Centre	Patmore Road	2620	018 473 8000	018 473 2523	http://www.kaundadistrict.gov.za	Orkney
243	municipality	CPT	City of Cape Town	City of Cape Town, Western Cape	2011	2439.7800000000002	province	WC	Western Cape	WC	A	PRIVATE BAG X9181	CAPE TOWN	8000	Civic Centre	12 Hertzog Boulevard	8001	021 400 1111	\N	http://www.capetown.gov.za	Cape Town
244	municipality	WC011	Matzikama	Matzikama, Western Cape	2011	12981.3999999999996	district	DC1	Western Cape	WC	B	P O BOX 98	VREDENDAL	8160	37 Church Street	Vredendal	\N	027 201 3300	027 213 3238	http://www.matzikama.co.za	8160
252	municipality	WC031	Theewaterskloof	Theewaterskloof, Western Cape	2011	3231.63999999999987	district	DC3	Western Cape	WC	B	P O BOX 24	CALEDON	7230	\N	6 Plein Street	7230	028 214 3300	028 214 1289	http://www.twk.org.za	Caledon
275	municipality	WC012	Cederberg	Cederberg, Western Cape	2011	8007.47000000000025	district	DC1	Western Cape	WC	B	PRIVATE BAG X 2	CLANWILLIAM	8135	Municipal Building	2a Voortrekker Road	8135	027 482 8000	027 482 1933	http://www.cederbergmunicipality.co.za	Clanwilliam
245	municipality	WC013	Bergrivier	Bergrivier, Western Cape	2011	4407.03999999999996	district	DC1	Western Cape	WC	B	P O BOX 60	PIKETBERG	7320	Municipal Building	13 Church Street	7320	022 913 6000	022 913 1406	http://www.bergmun.org.za	Piketberg
246	municipality	WC014	Saldanha Bay	Saldanha Bay, Western Cape	2011	2015.36999999999989	district	DC1	Western Cape	WC	B	PRIVATE BAG X12	VREDENBURG	7380	Buller Centre	12 Main Street	7380	022 701 7000	022 715 1518	http://www.saldanhabay.co.za	Vredenburg
247	municipality	WC015	Swartland	Swartland, Western Cape	2011	3712.5300000000002	district	DC1	Western Cape	WC	B	PRIVATE BAG X52	MALMESBURY	7299	\N	Church Street	7299	022 487 9400	022 487 9440	http://www.swartland.org.za	Malmesbury
1	district	DC1	West Coast	West Coast, Western Cape	2011	3130.12417700000015	province	WC	Western Cape	WC	C	P O BOX 242	MOORREESBURG	7310	58 Long Street	Moorreesburg	\N	022 433 8400	086 692 6113	http://www.westcoastdm.co.za	7310
248	municipality	WC022	Witzenberg	Witzenberg, Western Cape	2011	10752.7000000000007	district	DC2	Western Cape	WC	B	P O BOX 44	CERES	6835	Municipality	50 Voortrekker Street	6835	023 316 1854	023 316 1877	http://www.witzenberg.gov.za	Ceres
249	municipality	WC023	Drakenstein	Drakenstein, Western Cape	2011	1537.66000000000008	district	DC2	Western Cape	WC	B	P O BOX 1	PAARL	7622	Civic Centre	Bergriver Boulevard	7646	021 807 4500	021 807 8054	http://www.drakenstein.gov.za	Paarl
276	municipality	WC024	Stellenbosch	Stellenbosch, Western Cape	2011	831.044999999999959	district	DC2	Western Cape	WC	B	P O BOX 17	STELLENBOSCH	7599	Stellenbosch Town House	Plein Street	7600	021 808 8111	021 808 8200	http://www.stellenbosch.gov.za	Stellenbosch
250	municipality	WC025	Breede Valley	Breede Valley, Western Cape	2011	3833.51999999999998	district	DC2	Western Cape	WC	B	P/BAG X 3046	WORCESTER	6849	Civic Building	C/O Baring & Hoog Street	6850	023 348 2600	023 347 2599	http://www.bvm.gov.za	Worcester
251	municipality	WC026	Langeberg	Langeberg, Western Cape	2011	4517.69999999999982	district	DC2	Western Cape	WC	B	PRIVATE BAG X 2	ASHTON	6715	\N	28 Main Road	6715	023 615 8000	023 615 1563	http://www.langeberg.gov.za	Ashton
10	district	DC2	Cape Winelands	Cape Winelands, Western Cape	2011	2158.7342749999998	province	WC	Western Cape	WC	C	P O BOX 100	STELLENBOSCH	7599	\N	51 Trappe Street	6850	086 265 2630	023 342 8442	http://www.capewinelands.gov.za	Worcester
253	municipality	WC032	Overstrand	Overstrand, Western Cape	2011	1707.50999999999999	district	DC3	Western Cape	WC	B	P O BOX 20	HERMANUS	7200	Municipal Building	1 Magnolia Street	7200	028 313 8000	028 313 8182	http://www.overstrand.gov.za	Hermanus
277	municipality	WC033	Cape Agulhas	Cape Agulhas, Western Cape	2011	3466.59999999999991	district	DC3	Western Cape	WC	B	P O BOX 51	BREDASDORP	7280	Municipal Offices	1 Dirkie Uys Street	7280	028 425 5500	028 425 1019	http://www.capeagulhas.gov.za	Bredasdorp
254	municipality	WC034	Swellendam	Swellendam, Western Cape	2011	3835.09000000000015	district	DC3	Western Cape	WC	B	P O BOX 20	SWELLENDAM	6740	Voortrekker Street	Swellendam	\N	028 514 8500	028 514 2694	http://www.swellenmun.co.za	6740
21	district	DC3	Overberg	Overberg, Western Cape	2011	1230.11331100000007	province	WC	Western Cape	WC	C	PRIVATE BAG X22	BREDASDORP	7280	Overberg District Municipality	26 Long Street	7280	028 425 1157	028 425 1014	http://www.odm.org.za	Bredasdorp
255	municipality	WC041	Kannaland	Kannaland, Western Cape	2011	4758.07999999999993	district	DC4	Western Cape	WC	B	POSBUS 30	LADISMITH	6655	Ladismith Municipal Offices	32 Church Street	6655	028 551 1023 / 4	028 551 1766	http://www.kannaland.co.za	Ladismith
256	municipality	WC042	Hessequa	Hessequa, Western Cape	2011	5733.48999999999978	district	DC4	Western Cape	WC	B	P O BOX 29	RIVERSDALE	6670	Civic Centre	Van Der Berg Street	6670	028 713 8000	028 713 3146	http://www.hessequa.gov.za	Riversdal
257	municipality	WC043	Mossel Bay	Mossel Bay, Western Cape	2011	2010.82999999999993	district	DC4	Western Cape	WC	B	PRIVATE BAG X 29	MOSSEL BAY	6500	Mossel Bay Municipality	101 Marsh Street	6065	044 606 5000	044 606 5062	http://www.mosselbaymun.co.za	Mossel Bay
258	municipality	WC044	George	George, Western Cape	2011	5191.01000000000022	district	DC4	Western Cape	WC	B	P O BOX 19	GEORGE	6530	Civic Centre	71 York Street	6530	044 801 9111	044 801 9175	http://www.george.org.za	George
278	municipality	WC045	Oudtshoorn	Oudtshoorn, Western Cape	2011	3537.07000000000016	district	DC4	Western Cape	WC	B	P O BOX 255	OUDTSHOORN	6625	Civic Centre	C/O Langenhoven & Voortrekker Avenue	6625	044 203 3000	044 203 3104	http://www.oudtmun.gov.za	Oudtshoon
259	municipality	WC047	Bitou	Bitou, Western Cape	2011	991.860000000000014	district	DC4	Western Cape	WC	B	P O BOX 1002	PLETTENBERG BAY	6600	Municipal Building	1 Sewell Street	6600	044 501 3000	044 533 3485	http://www.plett.gov.za	Plettenberg Bay
260	municipality	WC048	Knysna	Knysna, Western Cape	2011	1108.76999999999998	district	DC4	Western Cape	WC	B	P O BOX 21	KNYSNA	6570	Council Offices	C/O Clyde & Queen Streets	6571	044 302 6300	044 302 6333	http://www.knysna.gov.za	Knysna
32	district	DC4	Eden	Eden, Western Cape	2011	2345.06392499999993	province	WC	Western Cape	WC	C	P O BOX 12	GEORGE	6530	Eden District Municipality	54 York Street	6530	044 803 1300	044 874 0175	http://www.edendm.co.za	George
261	municipality	WC051	Laingsburg	Laingsburg, Western Cape	2011	8784.47999999999956	district	DC5	Western Cape	WC	B	PRIVATE BAG X 4	LAINGSBURG	6900	\N	2 Van Riebeeck Street	6900	023 551 1019	023 551 1217	http://www.laingsburg.gov.za	Laingsburg
262	municipality	WC052	Prince Albert	Prince Albert, Western Cape	2011	8152.90999999999985	district	DC5	Western Cape	WC	B	PRIVATE BAG X 53	PRINCE ALBERT	6930	23 Church Street	Prince Albert	\N	023 541 1036	023 541 1035	\N	6930
263	municipality	WC053	Beaufort West	Beaufort West, Western Cape	2011	21916.5999999999985	district	DC5	Western Cape	WC	B	P O BOX 582	BEAUFORT WEST	6970	Sanlam Building	112 Donkin Street	6970	023 414 8020	023 414 1373	http://www.beaufortwestmun.co.za	Beaufort West
40	district	DC5	Central Karoo	Central Karoo, Western Cape	2011	3907.3087129999999	province	WC	Western Cape	WC	C	PRIVATE BAG X 560	BEAUFORT WEST	6970	Central Karoo Dm	63 Donkin Street	6970	023 449 1000	023 415 1253	http://www.skdm.co.za	Beaufort West
\.


--
-- Name: scorecard_geography_id_seq; Type: SEQUENCE SET; Schema: public; Owner: -
--

SELECT pg_catalog.setval('scorecard_geography_id_seq', 278, true);


--
-- Name: scorecard_geography_geo_level_1b28c178_uniq; Type: CONSTRAINT; Schema: public; Owner: -
--

ALTER TABLE ONLY scorecard_geography
    ADD CONSTRAINT scorecard_geography_geo_level_1b28c178_uniq UNIQUE (geo_level, geo_code);


--
-- Name: scorecard_geography_pkey; Type: CONSTRAINT; Schema: public; Owner: -
--

ALTER TABLE ONLY scorecard_geography
    ADD CONSTRAINT scorecard_geography_pkey PRIMARY KEY (id);


--
-- Name: scorecard_geography_2fc6351a; Type: INDEX; Schema: public; Owner: -
--

CREATE INDEX scorecard_geography_2fc6351a ON scorecard_geography USING btree (long_name);


--
-- Name: scorecard_geography_84cdc76c; Type: INDEX; Schema: public; Owner: -
--

CREATE INDEX scorecard_geography_84cdc76c ON scorecard_geography USING btree (year);


--
-- Name: scorecard_geography_b068931c; Type: INDEX; Schema: public; Owner: -
--

CREATE INDEX scorecard_geography_b068931c ON scorecard_geography USING btree (name);


--
-- Name: scorecard_geography_category_idx; Type: INDEX; Schema: public; Owner: -
--

CREATE INDEX scorecard_geography_category_idx ON scorecard_geography USING btree (category);


--
-- Name: scorecard_geography_dimension_demarcation_idx; Type: INDEX; Schema: public; Owner: -
--

CREATE INDEX scorecard_geography_dimension_demarcation_idx ON scorecard_geography USING btree (geo_code, name);


--
-- Name: scorecard_geography_dimension_municipality_idx; Type: INDEX; Schema: public; Owner: -
--

CREATE INDEX scorecard_geography_dimension_municipality_idx ON scorecard_geography USING btree (category, geo_code, fax_number, long_name, name, parent_code, phone_number, postal_address_1, postal_address_2, postal_address_3, province_code, province_name, street_address_1, street_address_2, street_address_3, street_address_4, url);


--
-- Name: scorecard_geography_fax_number_idx; Type: INDEX; Schema: public; Owner: -
--

CREATE INDEX scorecard_geography_fax_number_idx ON scorecard_geography USING btree (fax_number);


--
-- Name: scorecard_geography_geo_code_idx; Type: INDEX; Schema: public; Owner: -
--

CREATE INDEX scorecard_geography_geo_code_idx ON scorecard_geography USING btree (geo_code);


--
-- Name: scorecard_geography_long_name_d5fe0964_like; Type: INDEX; Schema: public; Owner: -
--

CREATE INDEX scorecard_geography_long_name_d5fe0964_like ON scorecard_geography USING btree (long_name varchar_pattern_ops);


--
-- Name: scorecard_geography_long_name_idx; Type: INDEX; Schema: public; Owner: -
--

CREATE INDEX scorecard_geography_long_name_idx ON scorecard_geography USING btree (long_name);


--
-- Name: scorecard_geography_name_52e408f6_like; Type: INDEX; Schema: public; Owner: -
--

CREATE INDEX scorecard_geography_name_52e408f6_like ON scorecard_geography USING btree (name varchar_pattern_ops);


--
-- Name: scorecard_geography_name_idx; Type: INDEX; Schema: public; Owner: -
--

CREATE INDEX scorecard_geography_name_idx ON scorecard_geography USING btree (name);


--
-- Name: scorecard_geography_parent_code_idx; Type: INDEX; Schema: public; Owner: -
--

CREATE INDEX scorecard_geography_parent_code_idx ON scorecard_geography USING btree (parent_code);


--
-- Name: scorecard_geography_phone_number_idx; Type: INDEX; Schema: public; Owner: -
--

CREATE INDEX scorecard_geography_phone_number_idx ON scorecard_geography USING btree (phone_number);


--
-- Name: scorecard_geography_postal_address_1_idx; Type: INDEX; Schema: public; Owner: -
--

CREATE INDEX scorecard_geography_postal_address_1_idx ON scorecard_geography USING btree (postal_address_1);


--
-- Name: scorecard_geography_postal_address_2_idx; Type: INDEX; Schema: public; Owner: -
--

CREATE INDEX scorecard_geography_postal_address_2_idx ON scorecard_geography USING btree (postal_address_2);


--
-- Name: scorecard_geography_postal_address_3_idx; Type: INDEX; Schema: public; Owner: -
--

CREATE INDEX scorecard_geography_postal_address_3_idx ON scorecard_geography USING btree (postal_address_3);


--
-- Name: scorecard_geography_province_code_idx; Type: INDEX; Schema: public; Owner: -
--

CREATE INDEX scorecard_geography_province_code_idx ON scorecard_geography USING btree (province_code);


--
-- Name: scorecard_geography_province_name_idx; Type: INDEX; Schema: public; Owner: -
--

CREATE INDEX scorecard_geography_province_name_idx ON scorecard_geography USING btree (province_name);


--
-- Name: scorecard_geography_street_address_1_idx; Type: INDEX; Schema: public; Owner: -
--

CREATE INDEX scorecard_geography_street_address_1_idx ON scorecard_geography USING btree (street_address_1);


--
-- Name: scorecard_geography_street_address_2_idx; Type: INDEX; Schema: public; Owner: -
--

CREATE INDEX scorecard_geography_street_address_2_idx ON scorecard_geography USING btree (street_address_2);


--
-- Name: scorecard_geography_street_address_3_idx; Type: INDEX; Schema: public; Owner: -
--

CREATE INDEX scorecard_geography_street_address_3_idx ON scorecard_geography USING btree (street_address_3);


--
-- Name: scorecard_geography_street_address_4_idx; Type: INDEX; Schema: public; Owner: -
--

CREATE INDEX scorecard_geography_street_address_4_idx ON scorecard_geography USING btree (street_address_4);


--
-- Name: scorecard_geography_url_idx; Type: INDEX; Schema: public; Owner: -
--

CREATE INDEX scorecard_geography_url_idx ON scorecard_geography USING btree (url);


--
-- PostgreSQL database dump complete
--
